--
-- PostgreSQL database dump
--

-- Dumped from database version 8.4.13
-- Dumped by pg_dump version 9.1.5
-- Started on 2012-08-29 16:31:37 CEST

SET statement_timeout = 0;
SET client_encoding = 'UTF8';
SET standard_conforming_strings = off;
SET check_function_bodies = false;
SET client_min_messages = warning;
SET escape_string_warning = off;

SET search_path = public, pg_catalog;

--
-- TOC entry 2337 (class 0 OID 0)
-- Dependencies: 142
-- Name: T_ADDON_ADO_ADO_ID_seq; Type: SEQUENCE SET; Schema: public; Owner: echoes
--

SELECT pg_catalog.setval('"T_ADDON_ADO_ADO_ID_seq"', 1, false);


--
-- TOC entry 2338 (class 0 OID 0)
-- Dependencies: 188
-- Name: T_ALERT_ACKNOWLEDGE_ACK_ACK_ID_seq; Type: SEQUENCE SET; Schema: public; Owner: echoes
--

SELECT pg_catalog.setval('"T_ALERT_ACKNOWLEDGE_ACK_ACK_ID_seq"', 1, false);


--
-- TOC entry 2339 (class 0 OID 0)
-- Dependencies: 179
-- Name: T_ALERT_ALE_ALE_ID_seq; Type: SEQUENCE SET; Schema: public; Owner: echoes
--

SELECT pg_catalog.setval('"T_ALERT_ALE_ALE_ID_seq"', 1, false);


--
-- TOC entry 2340 (class 0 OID 0)
-- Dependencies: 153
-- Name: T_ALERT_CRITERIA_ACR_ACR_ID_seq; Type: SEQUENCE SET; Schema: public; Owner: echoes
--

SELECT pg_catalog.setval('"T_ALERT_CRITERIA_ACR_ACR_ID_seq"', 1, false);


--
-- TOC entry 2341 (class 0 OID 0)
-- Dependencies: 175
-- Name: T_ALERT_SEQUENCE_ASE_ASE_ID_seq; Type: SEQUENCE SET; Schema: public; Owner: echoes
--

SELECT pg_catalog.setval('"T_ALERT_SEQUENCE_ASE_ASE_ID_seq"', 1, false);


--
-- TOC entry 2342 (class 0 OID 0)
-- Dependencies: 181
-- Name: T_ALERT_TRACKING_ATR_ATR_ID_seq; Type: SEQUENCE SET; Schema: public; Owner: echoes
--

SELECT pg_catalog.setval('"T_ALERT_TRACKING_ATR_ATR_ID_seq"', 2, true);


--
-- TOC entry 2343 (class 0 OID 0)
-- Dependencies: 206
-- Name: T_ALERT_TRACKING_EVENT_ATE_ATE_ID_seq; Type: SEQUENCE SET; Schema: public; Owner: echoes
--

SELECT pg_catalog.setval('"T_ALERT_TRACKING_EVENT_ATE_ATE_ID_seq"', 10, true);


--
-- TOC entry 2344 (class 0 OID 0)
-- Dependencies: 155
-- Name: T_ALERT_VALUE_AVA_AVA_ID_seq; Type: SEQUENCE SET; Schema: public; Owner: echoes
--

SELECT pg_catalog.setval('"T_ALERT_VALUE_AVA_AVA_ID_seq"', 1, false);


--
-- TOC entry 2345 (class 0 OID 0)
-- Dependencies: 192
-- Name: T_ASSET_AST_AST_ID_seq; Type: SEQUENCE SET; Schema: public; Owner: echoes
--

SELECT pg_catalog.setval('"T_ASSET_AST_AST_ID_seq"', 1, false);


--
-- TOC entry 2346 (class 0 OID 0)
-- Dependencies: 177
-- Name: T_ENGINE_ENG_ENG_ID_seq; Type: SEQUENCE SET; Schema: public; Owner: echoes
--

SELECT pg_catalog.setval('"T_ENGINE_ENG_ENG_ID_seq"', 1, false);


--
-- TOC entry 2347 (class 0 OID 0)
-- Dependencies: 212
-- Name: T_INFORMATION_HISTORICAL_VALUE_IHV_IHV_ID_seq; Type: SEQUENCE SET; Schema: public; Owner: echoes
--

SELECT pg_catalog.setval('"T_INFORMATION_HISTORICAL_VALUE_IHV_IHV_ID_seq"', 1, false);


--
-- TOC entry 2348 (class 0 OID 0)
-- Dependencies: 148
-- Name: T_INFORMATION_UNIT_TYPE_UTY_IUT_ID_seq; Type: SEQUENCE SET; Schema: public; Owner: echoes
--

SELECT pg_catalog.setval('"T_INFORMATION_UNIT_TYPE_UTY_IUT_ID_seq"', 1, false);


--
-- TOC entry 2349 (class 0 OID 0)
-- Dependencies: 150
-- Name: T_INFORMATION_UNIT_UNT_INU_ID_seq; Type: SEQUENCE SET; Schema: public; Owner: echoes
--

SELECT pg_catalog.setval('"T_INFORMATION_UNIT_UNT_INU_ID_seq"', 1, false);


--
-- TOC entry 2350 (class 0 OID 0)
-- Dependencies: 157
-- Name: T_MEDIA_MED_MED_ID_seq; Type: SEQUENCE SET; Schema: public; Owner: echoes
--

SELECT pg_catalog.setval('"T_MEDIA_MED_MED_ID_seq"', 1, false);


--
-- TOC entry 2351 (class 0 OID 0)
-- Dependencies: 165
-- Name: T_MEDIA_VALUE_MEV_MEV_ID_seq; Type: SEQUENCE SET; Schema: public; Owner: echoes
--

SELECT pg_catalog.setval('"T_MEDIA_VALUE_MEV_MEV_ID_seq"', 1, false);


--
-- TOC entry 2352 (class 0 OID 0)
-- Dependencies: 214
-- Name: T_OPTION_OPT_OPT_ID_seq; Type: SEQUENCE SET; Schema: public; Owner: echoes
--

SELECT pg_catalog.setval('"T_OPTION_OPT_OPT_ID_seq"', 1, false);


--
-- TOC entry 2353 (class 0 OID 0)
-- Dependencies: 203
-- Name: T_ORGANIZATION_FIELD_OFI_OFI_ID_seq; Type: SEQUENCE SET; Schema: public; Owner: echoes
--

SELECT pg_catalog.setval('"T_ORGANIZATION_FIELD_OFI_OFI_ID_seq"', 1, false);


--
-- TOC entry 2354 (class 0 OID 0)
-- Dependencies: 173
-- Name: T_ORGANIZATION_ORG_ORG_ID_seq; Type: SEQUENCE SET; Schema: public; Owner: echoes
--

SELECT pg_catalog.setval('"T_ORGANIZATION_ORG_ORG_ID_seq"', 1, false);


--
-- TOC entry 2355 (class 0 OID 0)
-- Dependencies: 171
-- Name: T_ORGANIZATION_TYPE_OTY_OTY_ID_seq; Type: SEQUENCE SET; Schema: public; Owner: echoes
--

SELECT pg_catalog.setval('"T_ORGANIZATION_TYPE_OTY_OTY_ID_seq"', 1, false);


--
-- TOC entry 2356 (class 0 OID 0)
-- Dependencies: 169
-- Name: T_PACK_PCK_PCK_ID_seq; Type: SEQUENCE SET; Schema: public; Owner: echoes
--

SELECT pg_catalog.setval('"T_PACK_PCK_PCK_ID_seq"', 1, false);


--
-- TOC entry 2357 (class 0 OID 0)
-- Dependencies: 140
-- Name: T_PLUGIN_PLG_PLG_ID_seq; Type: SEQUENCE SET; Schema: public; Owner: echoes
--

SELECT pg_catalog.setval('"T_PLUGIN_PLG_PLG_ID_seq"', 1, false);


--
-- TOC entry 2358 (class 0 OID 0)
-- Dependencies: 190
-- Name: T_PROBE_PRB_PRB_ID_seq; Type: SEQUENCE SET; Schema: public; Owner: echoes
--

SELECT pg_catalog.setval('"T_PROBE_PRB_PRB_ID_seq"', 1, false);


--
-- TOC entry 2359 (class 0 OID 0)
-- Dependencies: 184
-- Name: T_SEARCH_PARAMETER_SEP_SEP_ID_seq; Type: SEQUENCE SET; Schema: public; Owner: echoes
--

SELECT pg_catalog.setval('"T_SEARCH_PARAMETER_SEP_SEP_ID_seq"', 1, false);


--
-- TOC entry 2360 (class 0 OID 0)
-- Dependencies: 145
-- Name: T_SEARCH_TYPE_STY_STY_ID_seq; Type: SEQUENCE SET; Schema: public; Owner: echoes
--

SELECT pg_catalog.setval('"T_SEARCH_TYPE_STY_STY_ID_seq"', 1, false);


--
-- TOC entry 2361 (class 0 OID 0)
-- Dependencies: 186
-- Name: T_SOURCE_PARAMETER_SRP_SRP_ID_seq; Type: SEQUENCE SET; Schema: public; Owner: echoes
--

SELECT pg_catalog.setval('"T_SOURCE_PARAMETER_SRP_SRP_ID_seq"', 1, false);


--
-- TOC entry 2362 (class 0 OID 0)
-- Dependencies: 198
-- Name: T_SPACE_SPA_SPA_ID_seq; Type: SEQUENCE SET; Schema: public; Owner: echoes
--

SELECT pg_catalog.setval('"T_SPACE_SPA_SPA_ID_seq"', 1, false);


--
-- TOC entry 2363 (class 0 OID 0)
-- Dependencies: 167
-- Name: T_USER_ACTION_ACT_UAC_ID_seq; Type: SEQUENCE SET; Schema: public; Owner: echoes
--

SELECT pg_catalog.setval('"T_USER_ACTION_ACT_UAC_ID_seq"', 1, false);


--
-- TOC entry 2364 (class 0 OID 0)
-- Dependencies: 216
-- Name: T_USER_FIELD_UFI_UFI_ID_seq; Type: SEQUENCE SET; Schema: public; Owner: echoes
--

SELECT pg_catalog.setval('"T_USER_FIELD_UFI_UFI_ID_seq"', 1, false);


--
-- TOC entry 2365 (class 0 OID 0)
-- Dependencies: 210
-- Name: T_USER_HISTORICAL_ACTION_UHA_UHA_ID_seq; Type: SEQUENCE SET; Schema: public; Owner: echoes
--

SELECT pg_catalog.setval('"T_USER_HISTORICAL_ACTION_UHA_UHA_ID_seq"', 1, false);


--
-- TOC entry 2366 (class 0 OID 0)
-- Dependencies: 161
-- Name: T_USER_PROFILE_UPR_UPR_ID_seq; Type: SEQUENCE SET; Schema: public; Owner: echoes
--

SELECT pg_catalog.setval('"T_USER_PROFILE_UPR_UPR_ID_seq"', 1, false);


--
-- TOC entry 2367 (class 0 OID 0)
-- Dependencies: 200
-- Name: T_USER_RIGHT_URI_URI_ID_seq; Type: SEQUENCE SET; Schema: public; Owner: echoes
--

SELECT pg_catalog.setval('"T_USER_RIGHT_URI_URI_ID_seq"', 1, false);


--
-- TOC entry 2368 (class 0 OID 0)
-- Dependencies: 159
-- Name: T_USER_ROLE_URO_URO_ID_seq; Type: SEQUENCE SET; Schema: public; Owner: echoes
--

SELECT pg_catalog.setval('"T_USER_ROLE_URO_URO_ID_seq"', 1, false);


--
-- TOC entry 2369 (class 0 OID 0)
-- Dependencies: 163
-- Name: T_USER_USR_USR_ID_seq; Type: SEQUENCE SET; Schema: public; Owner: echoes
--

SELECT pg_catalog.setval('"T_USER_USR_USR_ID_seq"', 1, true);


--
-- TOC entry 2370 (class 0 OID 0)
-- Dependencies: 221
-- Name: auth_identity_id_seq; Type: SEQUENCE SET; Schema: public; Owner: echoes
--

SELECT pg_catalog.setval('auth_identity_id_seq', 1, true);


--
-- TOC entry 2371 (class 0 OID 0)
-- Dependencies: 219
-- Name: auth_info_id_seq; Type: SEQUENCE SET; Schema: public; Owner: echoes
--

SELECT pg_catalog.setval('auth_info_id_seq', 1, true);


--
-- TOC entry 2372 (class 0 OID 0)
-- Dependencies: 223
-- Name: auth_token_id_seq; Type: SEQUENCE SET; Schema: public; Owner: echoes
--

SELECT pg_catalog.setval('auth_token_id_seq', 1, false);


--
-- TOC entry 2284 (class 0 OID 32602)
-- Dependencies: 149 2333
-- Data for Name: T_INFORMATION_UNIT_TYPE_UTY; Type: TABLE DATA; Schema: public; Owner: echoes
--

INSERT INTO "T_INFORMATION_UNIT_TYPE_UTY" ("IUT_ID", version, "IUT_NAME", "IUT_DELETE") VALUES (1, 0, 'number', NULL);
INSERT INTO "T_INFORMATION_UNIT_TYPE_UTY" ("IUT_ID", version, "IUT_NAME", "IUT_DELETE") VALUES (2, 0, 'text', NULL);


--
-- TOC entry 2285 (class 0 OID 32613)
-- Dependencies: 151 2284 2333
-- Data for Name: T_INFORMATION_UNIT_UNT; Type: TABLE DATA; Schema: public; Owner: echoes
--

INSERT INTO "T_INFORMATION_UNIT_UNT" ("INU_ID", version, "INU_LONG_NAME", "INU_NAME", "INU_DELETE", "INU_IUT_IUT_ID") VALUES (1, 0, 'Mega Octets', 'Mo', NULL, 1);


--
-- TOC entry 2289 (class 0 OID 32679)
-- Dependencies: 158 2333
-- Data for Name: T_MEDIA_MED; Type: TABLE DATA; Schema: public; Owner: echoes
--



--
-- TOC entry 2291 (class 0 OID 32701)
-- Dependencies: 162 2333
-- Data for Name: T_USER_PROFILE_UPR; Type: TABLE DATA; Schema: public; Owner: echoes
--



--
-- TOC entry 2290 (class 0 OID 32690)
-- Dependencies: 160 2333
-- Data for Name: T_USER_ROLE_URO; Type: TABLE DATA; Schema: public; Owner: echoes
--



--
-- TOC entry 2292 (class 0 OID 32712)
-- Dependencies: 164 2291 2290 2333
-- Data for Name: T_USER_USR; Type: TABLE DATA; Schema: public; Owner: echoes
--

INSERT INTO "T_USER_USR" ("USR_ID", version, "USR_FIRST_NAME", "USR_LAST_NAME", "USR_MAIL", "USR_PWD", "USR_DELETE", "USR_URO_URO_ID", "USR_UPR_UPR_ID") VALUES (12, 0, 'toto', 'tata', 'zeaze', 'test', NULL, NULL, NULL);


--
-- TOC entry 2293 (class 0 OID 32733)
-- Dependencies: 166 2292 2289 2333
-- Data for Name: T_MEDIA_VALUE_MEV; Type: TABLE DATA; Schema: public; Owner: echoes
--



--
-- TOC entry 2327 (class 0 OID 33322)
-- Dependencies: 228 2293 2285 2333
-- Data for Name: TJ_ACR_INU; Type: TABLE DATA; Schema: public; Owner: echoes
--



--
-- TOC entry 2287 (class 0 OID 32647)
-- Dependencies: 154 2333
-- Data for Name: T_ALERT_CRITERIA_ACR; Type: TABLE DATA; Schema: public; Owner: echoes
--

INSERT INTO "T_ALERT_CRITERIA_ACR" ("ACR_ID", version, "ACR_NAME", "ACR_DELETE") VALUES (1, 0, 'lt', NULL);
INSERT INTO "T_ALERT_CRITERIA_ACR" ("ACR_ID", version, "ACR_NAME", "ACR_DELETE") VALUES (2, 0, 'le', NULL);
INSERT INTO "T_ALERT_CRITERIA_ACR" ("ACR_ID", version, "ACR_NAME", "ACR_DELETE") VALUES (4, 0, 'ne', NULL);
INSERT INTO "T_ALERT_CRITERIA_ACR" ("ACR_ID", version, "ACR_NAME", "ACR_DELETE") VALUES (3, 0, 'eq', NULL);
INSERT INTO "T_ALERT_CRITERIA_ACR" ("ACR_ID", version, "ACR_NAME", "ACR_DELETE") VALUES (5, 0, 'ge', NULL);
INSERT INTO "T_ALERT_CRITERIA_ACR" ("ACR_ID", version, "ACR_NAME", "ACR_DELETE") VALUES (6, 0, 'gt', NULL);


--
-- TOC entry 2326 (class 0 OID 33305)
-- Dependencies: 227 2284 2287 2333
-- Data for Name: TJ_ACR_IUT; Type: TABLE DATA; Schema: public; Owner: echoes
--

INSERT INTO "TJ_ACR_IUT" ("T_ALERT_CRITERIA_ACR_ACR_ID", "T_INFORMATION_UNIT_TYPE_UTY_IUT_ID") VALUES (1, 1);
INSERT INTO "TJ_ACR_IUT" ("T_ALERT_CRITERIA_ACR_ACR_ID", "T_INFORMATION_UNIT_TYPE_UTY_IUT_ID") VALUES (1, 2);
INSERT INTO "TJ_ACR_IUT" ("T_ALERT_CRITERIA_ACR_ACR_ID", "T_INFORMATION_UNIT_TYPE_UTY_IUT_ID") VALUES (2, 1);


--
-- TOC entry 2280 (class 0 OID 32547)
-- Dependencies: 143 2333
-- Data for Name: T_ADDON_ADO; Type: TABLE DATA; Schema: public; Owner: echoes
--

INSERT INTO "T_ADDON_ADO" ("ADO_ID", version, "ADO_NAME", "ADO_DELETE") VALUES (2, 1, 'file', NULL);
INSERT INTO "T_ADDON_ADO" ("ADO_ID", version, "ADO_NAME", "ADO_DELETE") VALUES (3, 1, 'log', NULL);


--
-- TOC entry 2304 (class 0 OID 32910)
-- Dependencies: 187 2333
-- Data for Name: T_SOURCE_PARAMETER_SRP; Type: TABLE DATA; Schema: public; Owner: echoes
--



--
-- TOC entry 2328 (class 0 OID 33339)
-- Dependencies: 229 2280 2304 2333
-- Data for Name: TJ_ADO_SRP; Type: TABLE DATA; Schema: public; Owner: echoes
--



--
-- TOC entry 2296 (class 0 OID 32776)
-- Dependencies: 172 2333
-- Data for Name: T_ORGANIZATION_TYPE_OTY; Type: TABLE DATA; Schema: public; Owner: echoes
--

INSERT INTO "T_ORGANIZATION_TYPE_OTY" ("OTY_ID", version, "OTY_NAME", "OTY_DELETE") VALUES (1, 0, 'Company', NULL);
INSERT INTO "T_ORGANIZATION_TYPE_OTY" ("OTY_ID", version, "OTY_NAME", "OTY_DELETE") VALUES (2, 0, 'Individual', NULL);
INSERT INTO "T_ORGANIZATION_TYPE_OTY" ("OTY_ID", version, "OTY_NAME", "OTY_DELETE") VALUES (3, 0, 'Association', NULL);


--
-- TOC entry 2295 (class 0 OID 32765)
-- Dependencies: 170 2333
-- Data for Name: T_PACK_PCK; Type: TABLE DATA; Schema: public; Owner: echoes
--



--
-- TOC entry 2297 (class 0 OID 32787)
-- Dependencies: 174 2296 2295 2333
-- Data for Name: T_ORGANIZATION_ORG; Type: TABLE DATA; Schema: public; Owner: echoes
--



--
-- TOC entry 2306 (class 0 OID 32942)
-- Dependencies: 191 2297 2333
-- Data for Name: T_PROBE_PRB; Type: TABLE DATA; Schema: public; Owner: echoes
--

INSERT INTO "T_PROBE_PRB" ("PRB_ID", version, "PRB_CERT", "PRB_NAME", "PRB_DELETE", "PRB_ORG_ORG_ID") VALUES (6585, 1, 'the pass', 'helios', NULL, NULL);


--
-- TOC entry 2307 (class 0 OID 32958)
-- Dependencies: 193 2306 2333
-- Data for Name: T_ASSET_AST; Type: TABLE DATA; Schema: public; Owner: echoes
--

INSERT INTO "T_ASSET_AST" ("AST_ID", version, "AST_NAME", "AST_DELETE", "AST_IS_HOST", "AST_PRB_PRB_ID") VALUES (1, 1, 'helios', NULL, true, 6585);


--
-- TOC entry 2279 (class 0 OID 32536)
-- Dependencies: 141 2333
-- Data for Name: T_PLUGIN_PLG; Type: TABLE DATA; Schema: public; Owner: echoes
--

INSERT INTO "T_PLUGIN_PLG" ("PLG_ID", version, "PLG_DESC", "PLG_NAME", "PLG_DELETE") VALUES (2, 1, 'test', 'Helios_Debian6.0-Syslog-Test', NULL);
INSERT INTO "T_PLUGIN_PLG" ("PLG_ID", version, "PLG_DESC", "PLG_NAME", "PLG_DELETE") VALUES (1, 1, 'memoire vive totale', 'memoire vive totale du système', NULL);


--
-- TOC entry 2332 (class 0 OID 33407)
-- Dependencies: 233 2279 2307 2333
-- Data for Name: TJ_AST_PLG; Type: TABLE DATA; Schema: public; Owner: echoes
--

INSERT INTO "TJ_AST_PLG" ("T_ASSET_AST_AST_ID", "T_PLUGIN_PLG_PLG_ID") VALUES (1, 2);
INSERT INTO "TJ_AST_PLG" ("T_ASSET_AST_AST_ID", "T_PLUGIN_PLG_PLG_ID") VALUES (1, 1);


--
-- TOC entry 2311 (class 0 OID 33058)
-- Dependencies: 204 2333
-- Data for Name: T_ORGANIZATION_FIELD_OFI; Type: TABLE DATA; Schema: public; Owner: echoes
--



--
-- TOC entry 2329 (class 0 OID 33356)
-- Dependencies: 230 2311 2296 2333
-- Data for Name: TJ_OFI_OTY; Type: TABLE DATA; Schema: public; Owner: echoes
--



--
-- TOC entry 2318 (class 0 OID 33188)
-- Dependencies: 215 2333
-- Data for Name: T_OPTION_OPT; Type: TABLE DATA; Schema: public; Owner: echoes
--



--
-- TOC entry 2330 (class 0 OID 33373)
-- Dependencies: 231 2318 2295 2333
-- Data for Name: TJ_PCK_OPT; Type: TABLE DATA; Schema: public; Owner: echoes
--



--
-- TOC entry 2303 (class 0 OID 32899)
-- Dependencies: 185 2333
-- Data for Name: T_SEARCH_PARAMETER_SEP; Type: TABLE DATA; Schema: public; Owner: echoes
--



--
-- TOC entry 2282 (class 0 OID 32573)
-- Dependencies: 146 2333
-- Data for Name: T_SEARCH_TYPE_STY; Type: TABLE DATA; Schema: public; Owner: echoes
--



--
-- TOC entry 2324 (class 0 OID 33271)
-- Dependencies: 225 2303 2282 2333
-- Data for Name: TJ_STY_SEP; Type: TABLE DATA; Schema: public; Owner: echoes
--



--
-- TOC entry 2325 (class 0 OID 33288)
-- Dependencies: 226 2292 2297 2333
-- Data for Name: TJ_USR_ORG; Type: TABLE DATA; Schema: public; Owner: echoes
--



--
-- TOC entry 2319 (class 0 OID 33199)
-- Dependencies: 217 2333
-- Data for Name: T_USER_FIELD_UFI; Type: TABLE DATA; Schema: public; Owner: echoes
--



--
-- TOC entry 2331 (class 0 OID 33390)
-- Dependencies: 232 2319 2292 2333
-- Data for Name: TJ_USR_UFI; Type: TABLE DATA; Schema: public; Owner: echoes
--



--
-- TOC entry 2308 (class 0 OID 33016)
-- Dependencies: 199 2333
-- Data for Name: T_SPACE_SPA; Type: TABLE DATA; Schema: public; Owner: echoes
--



--
-- TOC entry 2309 (class 0 OID 33027)
-- Dependencies: 201 2333
-- Data for Name: T_USER_RIGHT_URI; Type: TABLE DATA; Schema: public; Owner: echoes
--



--
-- TOC entry 2310 (class 0 OID 33036)
-- Dependencies: 202 2308 2291 2309 2333
-- Data for Name: T_ACCESS_CONTROL_LIST_ACL; Type: TABLE DATA; Schema: public; Owner: echoes
--



--
-- TOC entry 2281 (class 0 OID 32556)
-- Dependencies: 144 2280 2279 2333
-- Data for Name: T_SOURCE_SRC; Type: TABLE DATA; Schema: public; Owner: echoes
--

INSERT INTO "T_SOURCE_SRC" (version, "SRC_DELETE", "SRC_ID", "PLG_ID_PLG_ID", "SRC_ADO_ADO_ID") VALUES (1, NULL, 3, 2, 2);
INSERT INTO "T_SOURCE_SRC" (version, "SRC_DELETE", "SRC_ID", "PLG_ID_PLG_ID", "SRC_ADO_ADO_ID") VALUES (1, NULL, 2, 2, 2);
INSERT INTO "T_SOURCE_SRC" (version, "SRC_DELETE", "SRC_ID", "PLG_ID_PLG_ID", "SRC_ADO_ADO_ID") VALUES (1, NULL, 1, 1, 2);


--
-- TOC entry 2283 (class 0 OID 32582)
-- Dependencies: 147 2282 2281 2333
-- Data for Name: T_SEARCH_SEA; Type: TABLE DATA; Schema: public; Owner: echoes
--

INSERT INTO "T_SEARCH_SEA" (version, "SEA_PERIOD", "SEA_DELETE", "SEA_IS_STATIC", "SEA_NB_VALUE", "SEA_ID", "SRC_ID", "PLG_ID_PLG_ID", "SEA_STY_STY_ID") VALUES (1, '60', NULL, true, 1, 1, 3, 2, NULL);
INSERT INTO "T_SEARCH_SEA" (version, "SEA_PERIOD", "SEA_DELETE", "SEA_IS_STATIC", "SEA_NB_VALUE", "SEA_ID", "SRC_ID", "PLG_ID_PLG_ID", "SEA_STY_STY_ID") VALUES (1, '60', NULL, true, 1, 1, 2, 2, NULL);
INSERT INTO "T_SEARCH_SEA" (version, "SEA_PERIOD", "SEA_DELETE", "SEA_IS_STATIC", "SEA_NB_VALUE", "SEA_ID", "SRC_ID", "PLG_ID_PLG_ID", "SEA_STY_STY_ID") VALUES (1, '60', NULL, true, 1, 1, 1, 1, NULL);


--
-- TOC entry 2286 (class 0 OID 32627)
-- Dependencies: 152 2285 2283 2333
-- Data for Name: T_INFORMATION_INF; Type: TABLE DATA; Schema: public; Owner: echoes
--

INSERT INTO "T_INFORMATION_INF" (version, "INF_NAME", "INF_DELETE", "SEA_ID", "SRC_ID", "PLG_ID_PLG_ID", "INF_VALUE_NUM", "INF_INU_INU_ID") VALUES (1, 'clef1', NULL, 1, 3, 2, 0, NULL);
INSERT INTO "T_INFORMATION_INF" (version, "INF_NAME", "INF_DELETE", "SEA_ID", "SRC_ID", "PLG_ID_PLG_ID", "INF_VALUE_NUM", "INF_INU_INU_ID") VALUES (1, 'clef2', NULL, 1, 2, 2, 0, NULL);
INSERT INTO "T_INFORMATION_INF" (version, "INF_NAME", "INF_DELETE", "SEA_ID", "SRC_ID", "PLG_ID_PLG_ID", "INF_VALUE_NUM", "INF_INU_INU_ID") VALUES (1, 'memoire totale', NULL, 1, 1, 1, 0, 1);


--
-- TOC entry 2288 (class 0 OID 32658)
-- Dependencies: 156 2287 2286 2333
-- Data for Name: T_ALERT_VALUE_AVA; Type: TABLE DATA; Schema: public; Owner: echoes
--

INSERT INTO "T_ALERT_VALUE_AVA" ("AVA_ID", version, "AVA_VALUE", "AVA_DELETE", "SEA_ID", "SRC_ID", "PLG_ID_PLG_ID", "INF_VALUE_NUM", "AVA_ACR_ACR_ID") VALUES (1, 0, '5991288', NULL, 1, 1, 1, 0, 3);


--
-- TOC entry 2298 (class 0 OID 32808)
-- Dependencies: 176 2288 2333
-- Data for Name: T_ALERT_SEQUENCE_ASE; Type: TABLE DATA; Schema: public; Owner: echoes
--

INSERT INTO "T_ALERT_SEQUENCE_ASE" ("ASE_ID", version, "ASE_DELETE", "ASE_FIRST_PARENTHESIS", "ASE_SECOND_PARENTHESIS", "ASE_BOOL_OP", "ASE_NXT_ID_ASE_ID", "ASE_AVA_AVA_ID") VALUES (1, 0, NULL, false, false, NULL, NULL, 1);


--
-- TOC entry 2299 (class 0 OID 32826)
-- Dependencies: 178 2333
-- Data for Name: T_ENGINE_ENG; Type: TABLE DATA; Schema: public; Owner: echoes
--

INSERT INTO "T_ENGINE_ENG" ("ENG_ID", version, "ENG_FQDN", "ENG_STATE", "ENG_DELETE", "ENG_KEEP_ALIVE", "ENG_NB_THREAD") VALUES (1, 0, 'test-rsyslog', 'take', NULL, NULL, 0);


--
-- TOC entry 2300 (class 0 OID 32837)
-- Dependencies: 180 2288 2298 2299 2333
-- Data for Name: T_ALERT_ALE; Type: TABLE DATA; Schema: public; Owner: echoes
--

INSERT INTO "T_ALERT_ALE" ("ALE_ID", version, "ALE_NAME", "ALE_CREA_DATE", "ALE_DELETE", "ALE_LAST_ATTEMPT", "ALE_THREAD_SLEEP", "ALE_AVA_AVA_ID", "ASE_FIRST_ID_ASE_ID", "ALE_ENG_ENG_ID") VALUES (1, 0, 'vérification taille mémoire', '2012-08-20 15:21:01', NULL, '2012-08-20 15:21:01', 10, 1, 1, NULL);


--
-- TOC entry 2305 (class 0 OID 32921)
-- Dependencies: 189 2292 2300 2333
-- Data for Name: T_ALERT_ACKNOWLEDGE_ACK; Type: TABLE DATA; Schema: public; Owner: echoes
--



--
-- TOC entry 2301 (class 0 OID 32863)
-- Dependencies: 182 2300 2293 2333
-- Data for Name: T_ALERT_TRACKING_ATR; Type: TABLE DATA; Schema: public; Owner: echoes
--



--
-- TOC entry 2313 (class 0 OID 33087)
-- Dependencies: 207 2301 2333
-- Data for Name: T_ALERT_TRACKING_EVENT_ATE; Type: TABLE DATA; Schema: public; Owner: echoes
--



--
-- TOC entry 2317 (class 0 OID 33162)
-- Dependencies: 213 2307 2286 2333
-- Data for Name: T_INFORMATION_HISTORICAL_VALUE_IHV; Type: TABLE DATA; Schema: public; Owner: echoes
--



--
-- TOC entry 2312 (class 0 OID 33067)
-- Dependencies: 205 2297 2311 2333
-- Data for Name: T_ORGANIZATION_VALUE_OVA; Type: TABLE DATA; Schema: public; Owner: echoes
--



--
-- TOC entry 2314 (class 0 OID 33101)
-- Dependencies: 208 2303 2283 2333
-- Data for Name: T_SEARCH_PARAMETER_VALUE_SEV; Type: TABLE DATA; Schema: public; Owner: echoes
--



--
-- TOC entry 2315 (class 0 OID 33119)
-- Dependencies: 209 2304 2281 2304 2333
-- Data for Name: T_SOURCE_PARAMETER_VALUE_SPV; Type: TABLE DATA; Schema: public; Owner: echoes
--



--
-- TOC entry 2294 (class 0 OID 32754)
-- Dependencies: 168 2333
-- Data for Name: T_USER_ACTION_ACT; Type: TABLE DATA; Schema: public; Owner: echoes
--



--
-- TOC entry 2302 (class 0 OID 32882)
-- Dependencies: 183 2292 2292 2333
-- Data for Name: T_USER_HIERARCHY_UHI; Type: TABLE DATA; Schema: public; Owner: echoes
--



--
-- TOC entry 2316 (class 0 OID 33144)
-- Dependencies: 211 2294 2292 2333
-- Data for Name: T_USER_HISTORICAL_ACTION_UHA; Type: TABLE DATA; Schema: public; Owner: echoes
--



--
-- TOC entry 2320 (class 0 OID 33208)
-- Dependencies: 218 2319 2292 2333
-- Data for Name: T_USER_VALUE_UVA; Type: TABLE DATA; Schema: public; Owner: echoes
--



--
-- TOC entry 2321 (class 0 OID 33228)
-- Dependencies: 220 2292 2333
-- Data for Name: auth_info; Type: TABLE DATA; Schema: public; Owner: echoes
--

INSERT INTO auth_info (id, version, "user_USR_ID", password_hash, password_method, password_salt, status, failed_login_attempts, last_login_attempt, email, unverified_email, email_token, email_token_expires, email_token_role) VALUES (1, 42, 12, '$2y$07$cUWsRVX1XkzSLRb1OjbxJu9GGAkGIvqBqBEfGoYFiMnVZT72P8rN2', 'bcrypt', 'yf.MvwfmT57wBWs/', 1, 9, '2012-08-16 13:50:55.538386', '', '', '', NULL, 0);


--
-- TOC entry 2322 (class 0 OID 33244)
-- Dependencies: 222 2321 2333
-- Data for Name: auth_identity; Type: TABLE DATA; Schema: public; Owner: echoes
--

INSERT INTO auth_identity (id, version, auth_info_id, provider, identity) VALUES (1, 0, 1, 'loginname', 'test');


--
-- TOC entry 2323 (class 0 OID 33260)
-- Dependencies: 224 2321 2333
-- Data for Name: auth_token; Type: TABLE DATA; Schema: public; Owner: echoes
--



-- Completed on 2012-08-29 16:31:38 CEST

--
-- PostgreSQL database dump complete
--

