--
-- PostgreSQL database dump
--

-- Dumped from database version 8.4.13
-- Dumped by pg_dump version 9.1.5
-- Started on 2012-09-08 23:58:03 CEST

SET statement_timeout = 0;
SET client_encoding = 'UTF8';
SET standard_conforming_strings = off;
SET check_function_bodies = false;
SET client_min_messages = warning;
SET escape_string_warning = off;

SET search_path = public, pg_catalog;

--
-- TOC entry 2415 (class 0 OID 0)
-- Dependencies: 142
-- Name: T_ADDON_ADO_ADO_ID_seq; Type: SEQUENCE SET; Schema: public; Owner: echoes
--

SELECT pg_catalog.setval('"T_ADDON_ADO_ADO_ID_seq"', 1, false);


--
-- TOC entry 2416 (class 0 OID 0)
-- Dependencies: 188
-- Name: T_ALERT_ACKNOWLEDGE_ACK_ACK_ID_seq; Type: SEQUENCE SET; Schema: public; Owner: echoes
--

SELECT pg_catalog.setval('"T_ALERT_ACKNOWLEDGE_ACK_ACK_ID_seq"', 1, false);


--
-- TOC entry 2417 (class 0 OID 0)
-- Dependencies: 179
-- Name: T_ALERT_ALE_ALE_ID_seq; Type: SEQUENCE SET; Schema: public; Owner: echoes
--

SELECT pg_catalog.setval('"T_ALERT_ALE_ALE_ID_seq"', 1, false);


--
-- TOC entry 2418 (class 0 OID 0)
-- Dependencies: 153
-- Name: T_ALERT_CRITERIA_ACR_ACR_ID_seq; Type: SEQUENCE SET; Schema: public; Owner: echoes
--

SELECT pg_catalog.setval('"T_ALERT_CRITERIA_ACR_ACR_ID_seq"', 1, false);


--
-- TOC entry 2419 (class 0 OID 0)
-- Dependencies: 175
-- Name: T_ALERT_SEQUENCE_ASE_ASE_ID_seq; Type: SEQUENCE SET; Schema: public; Owner: echoes
--

SELECT pg_catalog.setval('"T_ALERT_SEQUENCE_ASE_ASE_ID_seq"', 1, false);


--
-- TOC entry 2420 (class 0 OID 0)
-- Dependencies: 181
-- Name: T_ALERT_TRACKING_ATR_ATR_ID_seq; Type: SEQUENCE SET; Schema: public; Owner: echoes
--

SELECT pg_catalog.setval('"T_ALERT_TRACKING_ATR_ATR_ID_seq"', 1, false);


--
-- TOC entry 2421 (class 0 OID 0)
-- Dependencies: 206
-- Name: T_ALERT_TRACKING_EVENT_ATE_ATE_ID_seq; Type: SEQUENCE SET; Schema: public; Owner: echoes
--

SELECT pg_catalog.setval('"T_ALERT_TRACKING_EVENT_ATE_ATE_ID_seq"', 1, false);


--
-- TOC entry 2422 (class 0 OID 0)
-- Dependencies: 155
-- Name: T_ALERT_VALUE_AVA_AVA_ID_seq; Type: SEQUENCE SET; Schema: public; Owner: echoes
--

SELECT pg_catalog.setval('"T_ALERT_VALUE_AVA_AVA_ID_seq"', 1, false);


--
-- TOC entry 2423 (class 0 OID 0)
-- Dependencies: 192
-- Name: T_ASSET_AST_AST_ID_seq; Type: SEQUENCE SET; Schema: public; Owner: echoes
--

SELECT pg_catalog.setval('"T_ASSET_AST_AST_ID_seq"', 1, false);


--
-- TOC entry 2424 (class 0 OID 0)
-- Dependencies: 177
-- Name: T_ENGINE_ENG_ENG_ID_seq; Type: SEQUENCE SET; Schema: public; Owner: echoes
--

SELECT pg_catalog.setval('"T_ENGINE_ENG_ENG_ID_seq"', 1, false);


--
-- TOC entry 2425 (class 0 OID 0)
-- Dependencies: 212
-- Name: T_INFORMATION_HISTORICAL_VALUE_IHV_IHV_ID_seq; Type: SEQUENCE SET; Schema: public; Owner: echoes
--

SELECT pg_catalog.setval('"T_INFORMATION_HISTORICAL_VALUE_IHV_IHV_ID_seq"', 1, false);


--
-- TOC entry 2426 (class 0 OID 0)
-- Dependencies: 148
-- Name: T_INFORMATION_UNIT_TYPE_UTY_IUT_ID_seq; Type: SEQUENCE SET; Schema: public; Owner: echoes
--

SELECT pg_catalog.setval('"T_INFORMATION_UNIT_TYPE_UTY_IUT_ID_seq"', 1, false);


--
-- TOC entry 2427 (class 0 OID 0)
-- Dependencies: 150
-- Name: T_INFORMATION_UNIT_UNT_INU_ID_seq; Type: SEQUENCE SET; Schema: public; Owner: echoes
--

SELECT pg_catalog.setval('"T_INFORMATION_UNIT_UNT_INU_ID_seq"', 1, false);


--
-- TOC entry 2428 (class 0 OID 0)
-- Dependencies: 196
-- Name: T_INFORMATION_VALUE_IVA_IVA_ID_seq; Type: SEQUENCE SET; Schema: public; Owner: echoes
--

SELECT pg_catalog.setval('"T_INFORMATION_VALUE_IVA_IVA_ID_seq"', 1865, true);


--
-- TOC entry 2429 (class 0 OID 0)
-- Dependencies: 157
-- Name: T_MEDIA_MED_MED_ID_seq; Type: SEQUENCE SET; Schema: public; Owner: echoes
--

SELECT pg_catalog.setval('"T_MEDIA_MED_MED_ID_seq"', 1, false);


--
-- TOC entry 2430 (class 0 OID 0)
-- Dependencies: 165
-- Name: T_MEDIA_VALUE_MEV_MEV_ID_seq; Type: SEQUENCE SET; Schema: public; Owner: echoes
--

SELECT pg_catalog.setval('"T_MEDIA_VALUE_MEV_MEV_ID_seq"', 1, false);


--
-- TOC entry 2431 (class 0 OID 0)
-- Dependencies: 214
-- Name: T_OPTION_OPT_OPT_ID_seq; Type: SEQUENCE SET; Schema: public; Owner: echoes
--

SELECT pg_catalog.setval('"T_OPTION_OPT_OPT_ID_seq"', 1, false);


--
-- TOC entry 2432 (class 0 OID 0)
-- Dependencies: 203
-- Name: T_ORGANIZATION_FIELD_OFI_OFI_ID_seq; Type: SEQUENCE SET; Schema: public; Owner: echoes
--

SELECT pg_catalog.setval('"T_ORGANIZATION_FIELD_OFI_OFI_ID_seq"', 1, false);


--
-- TOC entry 2433 (class 0 OID 0)
-- Dependencies: 173
-- Name: T_ORGANIZATION_ORG_ORG_ID_seq; Type: SEQUENCE SET; Schema: public; Owner: echoes
--

SELECT pg_catalog.setval('"T_ORGANIZATION_ORG_ORG_ID_seq"', 1, false);


--
-- TOC entry 2434 (class 0 OID 0)
-- Dependencies: 171
-- Name: T_ORGANIZATION_TYPE_OTY_OTY_ID_seq; Type: SEQUENCE SET; Schema: public; Owner: echoes
--

SELECT pg_catalog.setval('"T_ORGANIZATION_TYPE_OTY_OTY_ID_seq"', 1, false);


--
-- TOC entry 2435 (class 0 OID 0)
-- Dependencies: 169
-- Name: T_PACK_PCK_PCK_ID_seq; Type: SEQUENCE SET; Schema: public; Owner: echoes
--

SELECT pg_catalog.setval('"T_PACK_PCK_PCK_ID_seq"', 1, false);


--
-- TOC entry 2436 (class 0 OID 0)
-- Dependencies: 140
-- Name: T_PLUGIN_PLG_PLG_ID_seq; Type: SEQUENCE SET; Schema: public; Owner: echoes
--

SELECT pg_catalog.setval('"T_PLUGIN_PLG_PLG_ID_seq"', 1, false);


--
-- TOC entry 2437 (class 0 OID 0)
-- Dependencies: 190
-- Name: T_PROBE_PRB_PRB_ID_seq; Type: SEQUENCE SET; Schema: public; Owner: echoes
--

SELECT pg_catalog.setval('"T_PROBE_PRB_PRB_ID_seq"', 1, false);


--
-- TOC entry 2438 (class 0 OID 0)
-- Dependencies: 184
-- Name: T_SEARCH_PARAMETER_SEP_SEP_ID_seq; Type: SEQUENCE SET; Schema: public; Owner: echoes
--

SELECT pg_catalog.setval('"T_SEARCH_PARAMETER_SEP_SEP_ID_seq"', 1, false);


--
-- TOC entry 2439 (class 0 OID 0)
-- Dependencies: 145
-- Name: T_SEARCH_TYPE_STY_STY_ID_seq; Type: SEQUENCE SET; Schema: public; Owner: echoes
--

SELECT pg_catalog.setval('"T_SEARCH_TYPE_STY_STY_ID_seq"', 1, false);


--
-- TOC entry 2440 (class 0 OID 0)
-- Dependencies: 186
-- Name: T_SOURCE_PARAMETER_SRP_SRP_ID_seq; Type: SEQUENCE SET; Schema: public; Owner: echoes
--

SELECT pg_catalog.setval('"T_SOURCE_PARAMETER_SRP_SRP_ID_seq"', 1, false);


--
-- TOC entry 2441 (class 0 OID 0)
-- Dependencies: 198
-- Name: T_SPACE_SPA_SPA_ID_seq; Type: SEQUENCE SET; Schema: public; Owner: echoes
--

SELECT pg_catalog.setval('"T_SPACE_SPA_SPA_ID_seq"', 1, false);


--
-- TOC entry 2442 (class 0 OID 0)
-- Dependencies: 194
-- Name: T_SYSLOG_SLO_SLO_ID_seq; Type: SEQUENCE SET; Schema: public; Owner: echoes
--

SELECT pg_catalog.setval('"T_SYSLOG_SLO_SLO_ID_seq"', 10478, true);


--
-- TOC entry 2443 (class 0 OID 0)
-- Dependencies: 167
-- Name: T_USER_ACTION_ACT_UAC_ID_seq; Type: SEQUENCE SET; Schema: public; Owner: echoes
--

SELECT pg_catalog.setval('"T_USER_ACTION_ACT_UAC_ID_seq"', 1, false);


--
-- TOC entry 2444 (class 0 OID 0)
-- Dependencies: 216
-- Name: T_USER_FIELD_UFI_UFI_ID_seq; Type: SEQUENCE SET; Schema: public; Owner: echoes
--

SELECT pg_catalog.setval('"T_USER_FIELD_UFI_UFI_ID_seq"', 1, false);


--
-- TOC entry 2445 (class 0 OID 0)
-- Dependencies: 210
-- Name: T_USER_HISTORICAL_ACTION_UHA_UHA_ID_seq; Type: SEQUENCE SET; Schema: public; Owner: echoes
--

SELECT pg_catalog.setval('"T_USER_HISTORICAL_ACTION_UHA_UHA_ID_seq"', 1, false);


--
-- TOC entry 2446 (class 0 OID 0)
-- Dependencies: 161
-- Name: T_USER_PROFILE_UPR_UPR_ID_seq; Type: SEQUENCE SET; Schema: public; Owner: echoes
--

SELECT pg_catalog.setval('"T_USER_PROFILE_UPR_UPR_ID_seq"', 1, false);


--
-- TOC entry 2447 (class 0 OID 0)
-- Dependencies: 200
-- Name: T_USER_RIGHT_URI_URI_ID_seq; Type: SEQUENCE SET; Schema: public; Owner: echoes
--

SELECT pg_catalog.setval('"T_USER_RIGHT_URI_URI_ID_seq"', 1, false);


--
-- TOC entry 2448 (class 0 OID 0)
-- Dependencies: 159
-- Name: T_USER_ROLE_URO_URO_ID_seq; Type: SEQUENCE SET; Schema: public; Owner: echoes
--

SELECT pg_catalog.setval('"T_USER_ROLE_URO_URO_ID_seq"', 1, false);


--
-- TOC entry 2449 (class 0 OID 0)
-- Dependencies: 163
-- Name: T_USER_USR_USR_ID_seq; Type: SEQUENCE SET; Schema: public; Owner: echoes
--

SELECT pg_catalog.setval('"T_USER_USR_USR_ID_seq"', 1, false);


--
-- TOC entry 2450 (class 0 OID 0)
-- Dependencies: 221
-- Name: auth_identity_id_seq; Type: SEQUENCE SET; Schema: public; Owner: echoes
--

SELECT pg_catalog.setval('auth_identity_id_seq', 1, false);


--
-- TOC entry 2451 (class 0 OID 0)
-- Dependencies: 219
-- Name: auth_info_id_seq; Type: SEQUENCE SET; Schema: public; Owner: echoes
--

SELECT pg_catalog.setval('auth_info_id_seq', 1, false);


--
-- TOC entry 2452 (class 0 OID 0)
-- Dependencies: 223
-- Name: auth_token_id_seq; Type: SEQUENCE SET; Schema: public; Owner: echoes
--

SELECT pg_catalog.setval('auth_token_id_seq', 1, false);


--
-- TOC entry 2359 (class 0 OID 36423)
-- Dependencies: 149 2411
-- Data for Name: T_INFORMATION_UNIT_TYPE_UTY; Type: TABLE DATA; Schema: public; Owner: echoes
--

INSERT INTO "T_INFORMATION_UNIT_TYPE_UTY" ("IUT_ID", version, "IUT_NAME", "IUT_DELETE") VALUES (0, 0, 'number', NULL);
INSERT INTO "T_INFORMATION_UNIT_TYPE_UTY" ("IUT_ID", version, "IUT_NAME", "IUT_DELETE") VALUES (1, 0, 'text', NULL);


--
-- TOC entry 2360 (class 0 OID 36434)
-- Dependencies: 151 2359 2411
-- Data for Name: T_INFORMATION_UNIT_UNT; Type: TABLE DATA; Schema: public; Owner: echoes
--

INSERT INTO "T_INFORMATION_UNIT_UNT" ("INU_ID", version, "INU_LONG_NAME", "INU_NAME", "INU_DELETE", "INU_IUT_IUT_ID") VALUES (1, 0, 'Packets', 'Pkts', NULL, 0);
INSERT INTO "T_INFORMATION_UNIT_UNT" ("INU_ID", version, "INU_LONG_NAME", "INU_NAME", "INU_DELETE", "INU_IUT_IUT_ID") VALUES (2, 0, 'Bytes', 'Bytes', NULL, 0);
INSERT INTO "T_INFORMATION_UNIT_UNT" ("INU_ID", version, "INU_LONG_NAME", "INU_NAME", "INU_DELETE", "INU_IUT_IUT_ID") VALUES (0, 0, 'Kilo Bytes', 'Kb', NULL, 0);
INSERT INTO "T_INFORMATION_UNIT_UNT" ("INU_ID", version, "INU_LONG_NAME", "INU_NAME", "INU_DELETE", "INU_IUT_IUT_ID") VALUES (3, 0, 'name', 'name', NULL, 1);
INSERT INTO "T_INFORMATION_UNIT_UNT" ("INU_ID", version, "INU_LONG_NAME", "INU_NAME", "INU_DELETE", "INU_IUT_IUT_ID") VALUES (4, 0, 'load', 'load', NULL, 0);
INSERT INTO "T_INFORMATION_UNIT_UNT" ("INU_ID", version, "INU_LONG_NAME", "INU_NAME", "INU_DELETE", "INU_IUT_IUT_ID") VALUES (5, 0, 'Time in USER_Hz', 'time in USER_Hz', NULL, 0);


--
-- TOC entry 2364 (class 0 OID 36500)
-- Dependencies: 158 2411
-- Data for Name: T_MEDIA_MED; Type: TABLE DATA; Schema: public; Owner: echoes
--

INSERT INTO "T_MEDIA_MED" ("MED_ID", version, "MED_NAME", "MED_DELETE") VALUES (0, 0, 'sms', NULL);
INSERT INTO "T_MEDIA_MED" ("MED_ID", version, "MED_NAME", "MED_DELETE") VALUES (1, 0, 'mail', NULL);


--
-- TOC entry 2366 (class 0 OID 36522)
-- Dependencies: 162 2411
-- Data for Name: T_USER_PROFILE_UPR; Type: TABLE DATA; Schema: public; Owner: echoes
--



--
-- TOC entry 2365 (class 0 OID 36511)
-- Dependencies: 160 2411
-- Data for Name: T_USER_ROLE_URO; Type: TABLE DATA; Schema: public; Owner: echoes
--



--
-- TOC entry 2367 (class 0 OID 36533)
-- Dependencies: 164 2365 2366 2411
-- Data for Name: T_USER_USR; Type: TABLE DATA; Schema: public; Owner: echoes
--

INSERT INTO "T_USER_USR" ("USR_ID", version, "USR_FIRST_NAME", "USR_LAST_NAME", "USR_MAIL", "USR_PWD", "USR_DELETE", "USR_URO_URO_ID", "USR_UPR_UPR_ID") VALUES (0, 0, 'Romain', 'Hinfray', 'neorom@gmail.com', 'toto', NULL, NULL, NULL);


--
-- TOC entry 2368 (class 0 OID 36554)
-- Dependencies: 166 2364 2367 2411
-- Data for Name: T_MEDIA_VALUE_MEV; Type: TABLE DATA; Schema: public; Owner: echoes
--

INSERT INTO "T_MEDIA_VALUE_MEV" ("MEV_ID", version, "MEV_VALUE", "MEV_DELETE", "MEV_NOTIF_END_OF_ALERT", "MEV_SNOOZE", "MEV_MED_MED_ID", "MEV_USR_USR_ID") VALUES (0, 0, '+33607874128', NULL, false, 3600, 0, 0);


--
-- TOC entry 2405 (class 0 OID 37155)
-- Dependencies: 229 2360 2368 2411
-- Data for Name: TJ_ACR_INU; Type: TABLE DATA; Schema: public; Owner: echoes
--



--
-- TOC entry 2362 (class 0 OID 36468)
-- Dependencies: 154 2411
-- Data for Name: T_ALERT_CRITERIA_ACR; Type: TABLE DATA; Schema: public; Owner: echoes
--

INSERT INTO "T_ALERT_CRITERIA_ACR" ("ACR_ID", version, "ACR_NAME", "ACR_DELETE") VALUES (1, 0, 'lt', NULL);
INSERT INTO "T_ALERT_CRITERIA_ACR" ("ACR_ID", version, "ACR_NAME", "ACR_DELETE") VALUES (2, 0, 'le', NULL);
INSERT INTO "T_ALERT_CRITERIA_ACR" ("ACR_ID", version, "ACR_NAME", "ACR_DELETE") VALUES (3, 0, 'eq', NULL);
INSERT INTO "T_ALERT_CRITERIA_ACR" ("ACR_ID", version, "ACR_NAME", "ACR_DELETE") VALUES (4, 0, 'ne', NULL);
INSERT INTO "T_ALERT_CRITERIA_ACR" ("ACR_ID", version, "ACR_NAME", "ACR_DELETE") VALUES (5, 0, 'ge', NULL);
INSERT INTO "T_ALERT_CRITERIA_ACR" ("ACR_ID", version, "ACR_NAME", "ACR_DELETE") VALUES (6, 0, 'gt', NULL);


--
-- TOC entry 2404 (class 0 OID 37138)
-- Dependencies: 228 2362 2359 2411
-- Data for Name: TJ_ACR_IUT; Type: TABLE DATA; Schema: public; Owner: echoes
--



--
-- TOC entry 2355 (class 0 OID 36368)
-- Dependencies: 143 2411
-- Data for Name: T_ADDON_ADO; Type: TABLE DATA; Schema: public; Owner: echoes
--

INSERT INTO "T_ADDON_ADO" ("ADO_ID", version, "ADO_NAME", "ADO_DELETE") VALUES (2, 0, 'File', NULL);


--
-- TOC entry 2379 (class 0 OID 36731)
-- Dependencies: 187 2411
-- Data for Name: T_SOURCE_PARAMETER_SRP; Type: TABLE DATA; Schema: public; Owner: echoes
--

INSERT INTO "T_SOURCE_PARAMETER_SRP" ("SRP_ID", version, "SRP_FORMAT", "SRP_NAME", "SRP_DELETE") VALUES (0, 0, 'text', 'path', NULL);


--
-- TOC entry 2406 (class 0 OID 37172)
-- Dependencies: 230 2379 2355 2411
-- Data for Name: TJ_ADO_SRP; Type: TABLE DATA; Schema: public; Owner: echoes
--

INSERT INTO "TJ_ADO_SRP" ("T_SOURCE_PARAMETER_SRP_SRP_ID", "T_ADDON_ADO_ADO_ID") VALUES (0, 2);


--
-- TOC entry 2371 (class 0 OID 36597)
-- Dependencies: 172 2411
-- Data for Name: T_ORGANIZATION_TYPE_OTY; Type: TABLE DATA; Schema: public; Owner: echoes
--



--
-- TOC entry 2370 (class 0 OID 36586)
-- Dependencies: 170 2411
-- Data for Name: T_PACK_PCK; Type: TABLE DATA; Schema: public; Owner: echoes
--



--
-- TOC entry 2372 (class 0 OID 36608)
-- Dependencies: 174 2370 2371 2411
-- Data for Name: T_ORGANIZATION_ORG; Type: TABLE DATA; Schema: public; Owner: echoes
--



--
-- TOC entry 2381 (class 0 OID 36763)
-- Dependencies: 191 2372 2411
-- Data for Name: T_PROBE_PRB; Type: TABLE DATA; Schema: public; Owner: echoes
--

INSERT INTO "T_PROBE_PRB" ("PRB_ID", version, "PRB_CERT", "PRB_NAME", "PRB_DELETE", "PRB_ORG_ORG_ID") VALUES (6585, 0, 'temp', 'rhi-laptop-ea-probe', NULL, NULL);


--
-- TOC entry 2382 (class 0 OID 36779)
-- Dependencies: 193 2381 2411
-- Data for Name: T_ASSET_AST; Type: TABLE DATA; Schema: public; Owner: echoes
--

INSERT INTO "T_ASSET_AST" ("AST_ID", version, "AST_NAME", "AST_DELETE", "AST_IS_HOST", "AST_PRB_PRB_ID") VALUES (1, 0, 'rhi-laptop', NULL, true, 6585);


--
-- TOC entry 2354 (class 0 OID 36357)
-- Dependencies: 141 2411
-- Data for Name: T_PLUGIN_PLG; Type: TABLE DATA; Schema: public; Owner: echoes
--

INSERT INTO "T_PLUGIN_PLG" ("PLG_ID", version, "PLG_DESC", "PLG_NAME", "PLG_DELETE") VALUES (1, 0, 'Debian 6.0 - System - Test', 'Debian 6.0 - System - Test', NULL);


--
-- TOC entry 2410 (class 0 OID 37240)
-- Dependencies: 234 2382 2354 2411
-- Data for Name: TJ_AST_PLG; Type: TABLE DATA; Schema: public; Owner: echoes
--

INSERT INTO "TJ_AST_PLG" ("T_ASSET_AST_AST_ID", "T_PLUGIN_PLG_PLG_ID") VALUES (1, 1);


--
-- TOC entry 2357 (class 0 OID 36394)
-- Dependencies: 146 2411
-- Data for Name: T_SEARCH_TYPE_STY; Type: TABLE DATA; Schema: public; Owner: echoes
--

INSERT INTO "T_SEARCH_TYPE_STY" ("STY_ID", version, "STY_NAME", "STY_DELETE") VALUES (0, 0, 'regex', NULL);


--
-- TOC entry 2356 (class 0 OID 36377)
-- Dependencies: 144 2354 2355 2411
-- Data for Name: T_SOURCE_SRC; Type: TABLE DATA; Schema: public; Owner: echoes
--

INSERT INTO "T_SOURCE_SRC" (version, "SRC_DELETE", "SRC_ID", "PLG_ID_PLG_ID", "SRC_ADO_ADO_ID") VALUES (0, NULL, 1, 1, 2);
INSERT INTO "T_SOURCE_SRC" (version, "SRC_DELETE", "SRC_ID", "PLG_ID_PLG_ID", "SRC_ADO_ADO_ID") VALUES (0, NULL, 2, 1, 2);
INSERT INTO "T_SOURCE_SRC" (version, "SRC_DELETE", "SRC_ID", "PLG_ID_PLG_ID", "SRC_ADO_ADO_ID") VALUES (0, NULL, 3, 1, 2);
INSERT INTO "T_SOURCE_SRC" (version, "SRC_DELETE", "SRC_ID", "PLG_ID_PLG_ID", "SRC_ADO_ADO_ID") VALUES (0, NULL, 4, 1, 2);


--
-- TOC entry 2358 (class 0 OID 36403)
-- Dependencies: 147 2356 2357 2411
-- Data for Name: T_SEARCH_SEA; Type: TABLE DATA; Schema: public; Owner: echoes
--

INSERT INTO "T_SEARCH_SEA" (version, "SEA_LOT_KEY_VALUE", "SEA_PERIOD", "SEA_DELETE", "SEA_IS_STATIC", "SEA_NB_VALUE", "SEA_ID", "SRC_ID", "PLG_ID_PLG_ID", "SEA_STY_STY_ID") VALUES (0, '0', 'default', NULL, false, 1, 1, 1, 1, 0);
INSERT INTO "T_SEARCH_SEA" (version, "SEA_LOT_KEY_VALUE", "SEA_PERIOD", "SEA_DELETE", "SEA_IS_STATIC", "SEA_NB_VALUE", "SEA_ID", "SRC_ID", "PLG_ID_PLG_ID", "SEA_STY_STY_ID") VALUES (0, '0', 'default', NULL, false, 1, 2, 1, 1, 0);
INSERT INTO "T_SEARCH_SEA" (version, "SEA_LOT_KEY_VALUE", "SEA_PERIOD", "SEA_DELETE", "SEA_IS_STATIC", "SEA_NB_VALUE", "SEA_ID", "SRC_ID", "PLG_ID_PLG_ID", "SEA_STY_STY_ID") VALUES (0, '0', 'default', NULL, false, 1, 3, 1, 1, 0);
INSERT INTO "T_SEARCH_SEA" (version, "SEA_LOT_KEY_VALUE", "SEA_PERIOD", "SEA_DELETE", "SEA_IS_STATIC", "SEA_NB_VALUE", "SEA_ID", "SRC_ID", "PLG_ID_PLG_ID", "SEA_STY_STY_ID") VALUES (0, '0', 'default', NULL, false, 1, 4, 1, 1, 0);
INSERT INTO "T_SEARCH_SEA" (version, "SEA_LOT_KEY_VALUE", "SEA_PERIOD", "SEA_DELETE", "SEA_IS_STATIC", "SEA_NB_VALUE", "SEA_ID", "SRC_ID", "PLG_ID_PLG_ID", "SEA_STY_STY_ID") VALUES (0, '0', 'default', NULL, false, 1, 5, 1, 1, 0);
INSERT INTO "T_SEARCH_SEA" (version, "SEA_LOT_KEY_VALUE", "SEA_PERIOD", "SEA_DELETE", "SEA_IS_STATIC", "SEA_NB_VALUE", "SEA_ID", "SRC_ID", "PLG_ID_PLG_ID", "SEA_STY_STY_ID") VALUES (0, '0', 'default', NULL, false, 1, 6, 1, 1, 0);
INSERT INTO "T_SEARCH_SEA" (version, "SEA_LOT_KEY_VALUE", "SEA_PERIOD", "SEA_DELETE", "SEA_IS_STATIC", "SEA_NB_VALUE", "SEA_ID", "SRC_ID", "PLG_ID_PLG_ID", "SEA_STY_STY_ID") VALUES (0, '1', 'default', NULL, false, 9, 1, 2, 1, 0);
INSERT INTO "T_SEARCH_SEA" (version, "SEA_LOT_KEY_VALUE", "SEA_PERIOD", "SEA_DELETE", "SEA_IS_STATIC", "SEA_NB_VALUE", "SEA_ID", "SRC_ID", "PLG_ID_PLG_ID", "SEA_STY_STY_ID") VALUES (0, '0', 'default', NULL, false, 3, 1, 3, 1, 0);
INSERT INTO "T_SEARCH_SEA" (version, "SEA_LOT_KEY_VALUE", "SEA_PERIOD", "SEA_DELETE", "SEA_IS_STATIC", "SEA_NB_VALUE", "SEA_ID", "SRC_ID", "PLG_ID_PLG_ID", "SEA_STY_STY_ID") VALUES (0, '1', 'default', NULL, false, 5, 1, 4, 1, 0);


--
-- TOC entry 2361 (class 0 OID 36448)
-- Dependencies: 152 2358 2360 2411
-- Data for Name: T_INFORMATION_INF; Type: TABLE DATA; Schema: public; Owner: echoes
--

INSERT INTO "T_INFORMATION_INF" (version, "INF_NAME", "INF_DELETE", "SEA_ID", "SRC_ID", "PLG_ID_PLG_ID", "INF_VALUE_NUM", "INF_INU_INU_ID") VALUES (0, 'Total Memory', NULL, 1, 1, 1, 1, 0);
INSERT INTO "T_INFORMATION_INF" (version, "INF_NAME", "INF_DELETE", "SEA_ID", "SRC_ID", "PLG_ID_PLG_ID", "INF_VALUE_NUM", "INF_INU_INU_ID") VALUES (0, 'Memory cree', NULL, 2, 1, 1, 1, 0);
INSERT INTO "T_INFORMATION_INF" (version, "INF_NAME", "INF_DELETE", "SEA_ID", "SRC_ID", "PLG_ID_PLG_ID", "INF_VALUE_NUM", "INF_INU_INU_ID") VALUES (0, 'Buffers', NULL, 3, 1, 1, 1, 0);
INSERT INTO "T_INFORMATION_INF" (version, "INF_NAME", "INF_DELETE", "SEA_ID", "SRC_ID", "PLG_ID_PLG_ID", "INF_VALUE_NUM", "INF_INU_INU_ID") VALUES (0, 'Memory cached', NULL, 4, 1, 1, 1, 0);
INSERT INTO "T_INFORMATION_INF" (version, "INF_NAME", "INF_DELETE", "SEA_ID", "SRC_ID", "PLG_ID_PLG_ID", "INF_VALUE_NUM", "INF_INU_INU_ID") VALUES (0, 'Memory Swap size', NULL, 5, 1, 1, 1, 0);
INSERT INTO "T_INFORMATION_INF" (version, "INF_NAME", "INF_DELETE", "SEA_ID", "SRC_ID", "PLG_ID_PLG_ID", "INF_VALUE_NUM", "INF_INU_INU_ID") VALUES (0, 'Memory Swap free', NULL, 6, 1, 1, 1, 0);
INSERT INTO "T_INFORMATION_INF" (version, "INF_NAME", "INF_DELETE", "SEA_ID", "SRC_ID", "PLG_ID_PLG_ID", "INF_VALUE_NUM", "INF_INU_INU_ID") VALUES (0, 'Network interface name', NULL, 1, 2, 1, 1, 3);
INSERT INTO "T_INFORMATION_INF" (version, "INF_NAME", "INF_DELETE", "SEA_ID", "SRC_ID", "PLG_ID_PLG_ID", "INF_VALUE_NUM", "INF_INU_INU_ID") VALUES (0, 'Receive bytes', NULL, 1, 2, 1, 2, 2);
INSERT INTO "T_INFORMATION_INF" (version, "INF_NAME", "INF_DELETE", "SEA_ID", "SRC_ID", "PLG_ID_PLG_ID", "INF_VALUE_NUM", "INF_INU_INU_ID") VALUES (0, 'Receive packets', NULL, 1, 2, 1, 3, 1);
INSERT INTO "T_INFORMATION_INF" (version, "INF_NAME", "INF_DELETE", "SEA_ID", "SRC_ID", "PLG_ID_PLG_ID", "INF_VALUE_NUM", "INF_INU_INU_ID") VALUES (0, 'Receive errors', NULL, 1, 2, 1, 4, 1);
INSERT INTO "T_INFORMATION_INF" (version, "INF_NAME", "INF_DELETE", "SEA_ID", "SRC_ID", "PLG_ID_PLG_ID", "INF_VALUE_NUM", "INF_INU_INU_ID") VALUES (0, 'Receive drops', NULL, 1, 2, 1, 5, 1);
INSERT INTO "T_INFORMATION_INF" (version, "INF_NAME", "INF_DELETE", "SEA_ID", "SRC_ID", "PLG_ID_PLG_ID", "INF_VALUE_NUM", "INF_INU_INU_ID") VALUES (0, 'Transmit bytes', NULL, 1, 2, 1, 6, 2);
INSERT INTO "T_INFORMATION_INF" (version, "INF_NAME", "INF_DELETE", "SEA_ID", "SRC_ID", "PLG_ID_PLG_ID", "INF_VALUE_NUM", "INF_INU_INU_ID") VALUES (0, 'Transmit packets', NULL, 1, 2, 1, 7, 1);
INSERT INTO "T_INFORMATION_INF" (version, "INF_NAME", "INF_DELETE", "SEA_ID", "SRC_ID", "PLG_ID_PLG_ID", "INF_VALUE_NUM", "INF_INU_INU_ID") VALUES (0, 'Transmit errors', NULL, 1, 2, 1, 8, 1);
INSERT INTO "T_INFORMATION_INF" (version, "INF_NAME", "INF_DELETE", "SEA_ID", "SRC_ID", "PLG_ID_PLG_ID", "INF_VALUE_NUM", "INF_INU_INU_ID") VALUES (0, 'Transmit drop', NULL, 1, 2, 1, 9, 1);
INSERT INTO "T_INFORMATION_INF" (version, "INF_NAME", "INF_DELETE", "SEA_ID", "SRC_ID", "PLG_ID_PLG_ID", "INF_VALUE_NUM", "INF_INU_INU_ID") VALUES (0, 'Load average on 1 minute', NULL, 1, 3, 1, 1, 4);
INSERT INTO "T_INFORMATION_INF" (version, "INF_NAME", "INF_DELETE", "SEA_ID", "SRC_ID", "PLG_ID_PLG_ID", "INF_VALUE_NUM", "INF_INU_INU_ID") VALUES (0, 'Load average on 5 minutes', NULL, 1, 3, 1, 2, 4);
INSERT INTO "T_INFORMATION_INF" (version, "INF_NAME", "INF_DELETE", "SEA_ID", "SRC_ID", "PLG_ID_PLG_ID", "INF_VALUE_NUM", "INF_INU_INU_ID") VALUES (0, 'Load average on 15 minutes', NULL, 1, 3, 1, 3, 4);
INSERT INTO "T_INFORMATION_INF" (version, "INF_NAME", "INF_DELETE", "SEA_ID", "SRC_ID", "PLG_ID_PLG_ID", "INF_VALUE_NUM", "INF_INU_INU_ID") VALUES (0, 'CPU name', NULL, 1, 4, 1, 1, 1);
INSERT INTO "T_INFORMATION_INF" (version, "INF_NAME", "INF_DELETE", "SEA_ID", "SRC_ID", "PLG_ID_PLG_ID", "INF_VALUE_NUM", "INF_INU_INU_ID") VALUES (0, 'user mode CPU usage', NULL, 1, 4, 1, 2, 5);
INSERT INTO "T_INFORMATION_INF" (version, "INF_NAME", "INF_DELETE", "SEA_ID", "SRC_ID", "PLG_ID_PLG_ID", "INF_VALUE_NUM", "INF_INU_INU_ID") VALUES (0, 'user mode with low priority CPU usage', NULL, 1, 4, 1, 3, 5);
INSERT INTO "T_INFORMATION_INF" (version, "INF_NAME", "INF_DELETE", "SEA_ID", "SRC_ID", "PLG_ID_PLG_ID", "INF_VALUE_NUM", "INF_INU_INU_ID") VALUES (0, 'system mode CPU usage', NULL, 1, 4, 1, 4, 5);
INSERT INTO "T_INFORMATION_INF" (version, "INF_NAME", "INF_DELETE", "SEA_ID", "SRC_ID", "PLG_ID_PLG_ID", "INF_VALUE_NUM", "INF_INU_INU_ID") VALUES (0, 'inactive mode CPU usage', NULL, 1, 4, 1, 5, 5);


--
-- TOC entry 2363 (class 0 OID 36479)
-- Dependencies: 156 2361 2362 2411
-- Data for Name: T_ALERT_VALUE_AVA; Type: TABLE DATA; Schema: public; Owner: echoes
--

INSERT INTO "T_ALERT_VALUE_AVA" ("AVA_ID", version, "AVA_VALUE", "AVA_DELETE", "SEA_ID", "SRC_ID", "PLG_ID_PLG_ID", "INF_VALUE_NUM", "AVA_ACR_ACR_ID") VALUES (0, 0, '0.8', NULL, 1, 3, 1, 1, 5);


--
-- TOC entry 2373 (class 0 OID 36629)
-- Dependencies: 176 2363 2411
-- Data for Name: T_ALERT_SEQUENCE_ASE; Type: TABLE DATA; Schema: public; Owner: echoes
--

INSERT INTO "T_ALERT_SEQUENCE_ASE" ("ASE_ID", version, "ASE_DELETE", "ASE_FIRST_PARENTHESIS", "ASE_SECOND_PARENTHESIS", "ASE_BOOL_OP", "ASE_NXT_ID_ASE_ID", "ASE_AVA_AVA_ID") VALUES (0, 0, NULL, false, false, NULL, NULL, 0);


--
-- TOC entry 2374 (class 0 OID 36647)
-- Dependencies: 178 2411
-- Data for Name: T_ENGINE_ENG; Type: TABLE DATA; Schema: public; Owner: echoes
--

INSERT INTO "T_ENGINE_ENG" ("ENG_ID", version, "ENG_FQDN", "ENG_STATE", "ENG_DELETE", "ENG_KEEP_ALIVE", "ENG_NB_THREAD") VALUES (0, 0, 'rhi-laptop.echoes-tech.com', '0', NULL, NULL, 100);


--
-- TOC entry 2375 (class 0 OID 36658)
-- Dependencies: 180 2363 2373 2374 2411
-- Data for Name: T_ALERT_ALE; Type: TABLE DATA; Schema: public; Owner: echoes
--

INSERT INTO "T_ALERT_ALE" ("ALE_ID", version, "ALE_NAME", "ALE_CREA_DATE", "ALE_DELETE", "ALE_LAST_ATTEMPT", "ALE_THREAD_SLEEP", "ALE_AVA_AVA_ID", "ASE_FIRST_ID_ASE_ID", "ALE_ENG_ENG_ID") VALUES (0, 0, 'surcharge système', '2012-09-08 23:48:24', NULL, '2012-09-08 23:48:24', 0, 0, 0, 0);


--
-- TOC entry 2401 (class 0 OID 37087)
-- Dependencies: 225 2368 2375 2411
-- Data for Name: TJ_MEV_ALE; Type: TABLE DATA; Schema: public; Owner: echoes
--

INSERT INTO "TJ_MEV_ALE" ("T_MEDIA_VALUE_MEV_MEV_ID", "T_ALERT_ALE_ALE_ID") VALUES (0, 0);


--
-- TOC entry 2388 (class 0 OID 36879)
-- Dependencies: 204 2411
-- Data for Name: T_ORGANIZATION_FIELD_OFI; Type: TABLE DATA; Schema: public; Owner: echoes
--



--
-- TOC entry 2407 (class 0 OID 37189)
-- Dependencies: 231 2371 2388 2411
-- Data for Name: TJ_OFI_OTY; Type: TABLE DATA; Schema: public; Owner: echoes
--



--
-- TOC entry 2395 (class 0 OID 37004)
-- Dependencies: 215 2411
-- Data for Name: T_OPTION_OPT; Type: TABLE DATA; Schema: public; Owner: echoes
--



--
-- TOC entry 2408 (class 0 OID 37206)
-- Dependencies: 232 2370 2395 2411
-- Data for Name: TJ_PCK_OPT; Type: TABLE DATA; Schema: public; Owner: echoes
--



--
-- TOC entry 2378 (class 0 OID 36720)
-- Dependencies: 185 2411
-- Data for Name: T_SEARCH_PARAMETER_SEP; Type: TABLE DATA; Schema: public; Owner: echoes
--

INSERT INTO "T_SEARCH_PARAMETER_SEP" ("SEP_ID", version, "SEP_FORMAT", "SEP_NAME", "SEP_DELETE") VALUES (0, 0, 'text', 'regex', NULL);


--
-- TOC entry 2402 (class 0 OID 37104)
-- Dependencies: 226 2357 2378 2411
-- Data for Name: TJ_STY_SEP; Type: TABLE DATA; Schema: public; Owner: echoes
--

INSERT INTO "TJ_STY_SEP" ("T_SEARCH_TYPE_STY_STY_ID", "T_SEARCH_PARAMETER_SEP_SEP_ID") VALUES (0, 0);


--
-- TOC entry 2403 (class 0 OID 37121)
-- Dependencies: 227 2372 2367 2411
-- Data for Name: TJ_USR_ORG; Type: TABLE DATA; Schema: public; Owner: echoes
--



--
-- TOC entry 2396 (class 0 OID 37015)
-- Dependencies: 217 2411
-- Data for Name: T_USER_FIELD_UFI; Type: TABLE DATA; Schema: public; Owner: echoes
--



--
-- TOC entry 2409 (class 0 OID 37223)
-- Dependencies: 233 2367 2396 2411
-- Data for Name: TJ_USR_UFI; Type: TABLE DATA; Schema: public; Owner: echoes
--



--
-- TOC entry 2385 (class 0 OID 36837)
-- Dependencies: 199 2411
-- Data for Name: T_SPACE_SPA; Type: TABLE DATA; Schema: public; Owner: echoes
--



--
-- TOC entry 2386 (class 0 OID 36848)
-- Dependencies: 201 2411
-- Data for Name: T_USER_RIGHT_URI; Type: TABLE DATA; Schema: public; Owner: echoes
--



--
-- TOC entry 2387 (class 0 OID 36857)
-- Dependencies: 202 2385 2366 2386 2411
-- Data for Name: T_ACCESS_CONTROL_LIST_ACL; Type: TABLE DATA; Schema: public; Owner: echoes
--



--
-- TOC entry 2380 (class 0 OID 36742)
-- Dependencies: 189 2375 2367 2411
-- Data for Name: T_ALERT_ACKNOWLEDGE_ACK; Type: TABLE DATA; Schema: public; Owner: echoes
--



--
-- TOC entry 2376 (class 0 OID 36684)
-- Dependencies: 182 2368 2375 2411
-- Data for Name: T_ALERT_TRACKING_ATR; Type: TABLE DATA; Schema: public; Owner: echoes
--



--
-- TOC entry 2390 (class 0 OID 36908)
-- Dependencies: 207 2376 2411
-- Data for Name: T_ALERT_TRACKING_EVENT_ATE; Type: TABLE DATA; Schema: public; Owner: echoes
--



--
-- TOC entry 2383 (class 0 OID 36795)
-- Dependencies: 195 2381 2411
-- Data for Name: T_SYSLOG_SLO; Type: TABLE DATA; Schema: public; Owner: echoes
--

INSERT INTO "T_SYSLOG_SLO" ("SLO_ID", version, "SLO_APP_NAME", "SLO_HOSTNAME", "SLO_MSG_ID", "SLO_SD", "SLO_DELETE", "SLO_RCPT_DATE", "SLO_SENT_DATE", "SLO_PRI", "SLO_PROC_ID", "SLO_STATE", "SLO_VERSION", "SLO_PRB_PRB_ID") VALUES (10301, 1, 'ea-probe', 'rhi-laptop.ptf.echoes-tech.com', 'ID6', '[prop@40311 ver=1 probe=6585][res1@40311 offset=2 1-1-1-3-1-1="NzIxNjQ="]', NULL, '2012-09-08 23:48:22', '2012-09-08 23:48:22', 118, 6573, 2, 1, 6585);
INSERT INTO "T_SYSLOG_SLO" ("SLO_ID", version, "SLO_APP_NAME", "SLO_HOSTNAME", "SLO_MSG_ID", "SLO_SD", "SLO_DELETE", "SLO_RCPT_DATE", "SLO_SENT_DATE", "SLO_PRI", "SLO_PROC_ID", "SLO_STATE", "SLO_VERSION", "SLO_PRB_PRB_ID") VALUES (10302, 1, 'ea-probe', 'rhi-laptop.ptf.echoes-tech.com', 'ID7', '[prop@40311 ver=1 probe=6585][res1@40311 offset=2 1-1-2-1-1-2="bG8="]', NULL, '2012-09-08 23:48:22', '2012-09-08 23:48:22', 118, 6573, 2, 1, 6585);
INSERT INTO "T_SYSLOG_SLO" ("SLO_ID", version, "SLO_APP_NAME", "SLO_HOSTNAME", "SLO_MSG_ID", "SLO_SD", "SLO_DELETE", "SLO_RCPT_DATE", "SLO_SENT_DATE", "SLO_PRI", "SLO_PROC_ID", "SLO_STATE", "SLO_VERSION", "SLO_PRB_PRB_ID") VALUES (10303, 1, 'ea-probe', 'rhi-laptop.ptf.echoes-tech.com', 'ID8', '[prop@40311 ver=1 probe=6585][res1@40311 offset=2 1-1-2-1-2-2="MzEyOTcwMQ=="]', NULL, '2012-09-08 23:48:22', '2012-09-08 23:48:22', 118, 6573, 2, 1, 6585);
INSERT INTO "T_SYSLOG_SLO" ("SLO_ID", version, "SLO_APP_NAME", "SLO_HOSTNAME", "SLO_MSG_ID", "SLO_SD", "SLO_DELETE", "SLO_RCPT_DATE", "SLO_SENT_DATE", "SLO_PRI", "SLO_PROC_ID", "SLO_STATE", "SLO_VERSION", "SLO_PRB_PRB_ID") VALUES (10304, 1, 'ea-probe', 'rhi-laptop.ptf.echoes-tech.com', 'ID9', '[prop@40311 ver=1 probe=6585][res1@40311 offset=2 1-1-2-1-3-2="MTA0MDQ="]', NULL, '2012-09-08 23:48:22', '2012-09-08 23:48:22', 118, 6573, 2, 1, 6585);
INSERT INTO "T_SYSLOG_SLO" ("SLO_ID", version, "SLO_APP_NAME", "SLO_HOSTNAME", "SLO_MSG_ID", "SLO_SD", "SLO_DELETE", "SLO_RCPT_DATE", "SLO_SENT_DATE", "SLO_PRI", "SLO_PROC_ID", "SLO_STATE", "SLO_VERSION", "SLO_PRB_PRB_ID") VALUES (10305, 1, 'ea-probe', 'rhi-laptop.ptf.echoes-tech.com', 'ID10', '[prop@40311 ver=1 probe=6585][res1@40311 offset=2 1-1-2-1-4-2="MA=="]', NULL, '2012-09-08 23:48:22', '2012-09-08 23:48:22', 118, 6573, 2, 1, 6585);
INSERT INTO "T_SYSLOG_SLO" ("SLO_ID", version, "SLO_APP_NAME", "SLO_HOSTNAME", "SLO_MSG_ID", "SLO_SD", "SLO_DELETE", "SLO_RCPT_DATE", "SLO_SENT_DATE", "SLO_PRI", "SLO_PROC_ID", "SLO_STATE", "SLO_VERSION", "SLO_PRB_PRB_ID") VALUES (10306, 1, 'ea-probe', 'rhi-laptop.ptf.echoes-tech.com', 'ID11', '[prop@40311 ver=1 probe=6585][res1@40311 offset=2 1-1-2-1-5-2="MA=="]', NULL, '2012-09-08 23:48:22', '2012-09-08 23:48:22', 118, 6573, 2, 1, 6585);
INSERT INTO "T_SYSLOG_SLO" ("SLO_ID", version, "SLO_APP_NAME", "SLO_HOSTNAME", "SLO_MSG_ID", "SLO_SD", "SLO_DELETE", "SLO_RCPT_DATE", "SLO_SENT_DATE", "SLO_PRI", "SLO_PROC_ID", "SLO_STATE", "SLO_VERSION", "SLO_PRB_PRB_ID") VALUES (10307, 1, 'ea-probe', 'rhi-laptop.ptf.echoes-tech.com', 'ID12', '[prop@40311 ver=1 probe=6585][res1@40311 offset=2 1-1-2-1-6-2="MzEyOTcwMQ=="]', NULL, '2012-09-08 23:48:22', '2012-09-08 23:48:22', 118, 6573, 2, 1, 6585);
INSERT INTO "T_SYSLOG_SLO" ("SLO_ID", version, "SLO_APP_NAME", "SLO_HOSTNAME", "SLO_MSG_ID", "SLO_SD", "SLO_DELETE", "SLO_RCPT_DATE", "SLO_SENT_DATE", "SLO_PRI", "SLO_PROC_ID", "SLO_STATE", "SLO_VERSION", "SLO_PRB_PRB_ID") VALUES (10308, 1, 'ea-probe', 'rhi-laptop.ptf.echoes-tech.com', 'ID13', '[prop@40311 ver=1 probe=6585][res1@40311 offset=2 1-1-2-1-7-2="MTA0MDQ="]', NULL, '2012-09-08 23:48:22', '2012-09-08 23:48:22', 118, 6573, 2, 1, 6585);
INSERT INTO "T_SYSLOG_SLO" ("SLO_ID", version, "SLO_APP_NAME", "SLO_HOSTNAME", "SLO_MSG_ID", "SLO_SD", "SLO_DELETE", "SLO_RCPT_DATE", "SLO_SENT_DATE", "SLO_PRI", "SLO_PROC_ID", "SLO_STATE", "SLO_VERSION", "SLO_PRB_PRB_ID") VALUES (10309, 1, 'ea-probe', 'rhi-laptop.ptf.echoes-tech.com', 'ID14', '[prop@40311 ver=1 probe=6585][res1@40311 offset=2 1-1-2-1-8-2="MA=="]', NULL, '2012-09-08 23:48:22', '2012-09-08 23:48:22', 118, 6573, 2, 1, 6585);
INSERT INTO "T_SYSLOG_SLO" ("SLO_ID", version, "SLO_APP_NAME", "SLO_HOSTNAME", "SLO_MSG_ID", "SLO_SD", "SLO_DELETE", "SLO_RCPT_DATE", "SLO_SENT_DATE", "SLO_PRI", "SLO_PROC_ID", "SLO_STATE", "SLO_VERSION", "SLO_PRB_PRB_ID") VALUES (10310, 1, 'ea-probe', 'rhi-laptop.ptf.echoes-tech.com', 'ID15', '[prop@40311 ver=1 probe=6585][res1@40311 offset=2 1-1-2-1-9-2="MA=="]', NULL, '2012-09-08 23:48:22', '2012-09-08 23:48:22', 118, 6573, 2, 1, 6585);
INSERT INTO "T_SYSLOG_SLO" ("SLO_ID", version, "SLO_APP_NAME", "SLO_HOSTNAME", "SLO_MSG_ID", "SLO_SD", "SLO_DELETE", "SLO_RCPT_DATE", "SLO_SENT_DATE", "SLO_PRI", "SLO_PROC_ID", "SLO_STATE", "SLO_VERSION", "SLO_PRB_PRB_ID") VALUES (10311, 1, 'ea-probe', 'rhi-laptop.ptf.echoes-tech.com', 'ID16', '[prop@40311 ver=1 probe=6585][res1@40311 offset=2 1-1-2-1-1-2="d2xhbjA="]', NULL, '2012-09-08 23:48:22', '2012-09-08 23:48:22', 118, 6573, 2, 1, 6585);
INSERT INTO "T_SYSLOG_SLO" ("SLO_ID", version, "SLO_APP_NAME", "SLO_HOSTNAME", "SLO_MSG_ID", "SLO_SD", "SLO_DELETE", "SLO_RCPT_DATE", "SLO_SENT_DATE", "SLO_PRI", "SLO_PROC_ID", "SLO_STATE", "SLO_VERSION", "SLO_PRB_PRB_ID") VALUES (10312, 1, 'ea-probe', 'rhi-laptop.ptf.echoes-tech.com', 'ID17', '[prop@40311 ver=1 probe=6585][res1@40311 offset=2 1-1-4-1-1-4="Y3B1"]', NULL, '2012-09-08 23:48:22', '2012-09-08 23:48:22', 118, 6573, 2, 1, 6585);
INSERT INTO "T_SYSLOG_SLO" ("SLO_ID", version, "SLO_APP_NAME", "SLO_HOSTNAME", "SLO_MSG_ID", "SLO_SD", "SLO_DELETE", "SLO_RCPT_DATE", "SLO_SENT_DATE", "SLO_PRI", "SLO_PROC_ID", "SLO_STATE", "SLO_VERSION", "SLO_PRB_PRB_ID") VALUES (10313, 1, 'ea-probe', 'rhi-laptop.ptf.echoes-tech.com', 'ID18', '[prop@40311 ver=1 probe=6585][res1@40311 offset=2 1-1-2-1-2-2="MA=="]', NULL, '2012-09-08 23:48:22', '2012-09-08 23:48:22', 118, 6573, 2, 1, 6585);
INSERT INTO "T_SYSLOG_SLO" ("SLO_ID", version, "SLO_APP_NAME", "SLO_HOSTNAME", "SLO_MSG_ID", "SLO_SD", "SLO_DELETE", "SLO_RCPT_DATE", "SLO_SENT_DATE", "SLO_PRI", "SLO_PROC_ID", "SLO_STATE", "SLO_VERSION", "SLO_PRB_PRB_ID") VALUES (10314, 1, 'ea-probe', 'rhi-laptop.ptf.echoes-tech.com', 'ID19', '[prop@40311 ver=1 probe=6585][res1@40311 offset=2 1-1-4-1-2-4="MTAwOTQwMA=="]', NULL, '2012-09-08 23:48:22', '2012-09-08 23:48:22', 118, 6573, 2, 1, 6585);
INSERT INTO "T_SYSLOG_SLO" ("SLO_ID", version, "SLO_APP_NAME", "SLO_HOSTNAME", "SLO_MSG_ID", "SLO_SD", "SLO_DELETE", "SLO_RCPT_DATE", "SLO_SENT_DATE", "SLO_PRI", "SLO_PROC_ID", "SLO_STATE", "SLO_VERSION", "SLO_PRB_PRB_ID") VALUES (10315, 1, 'ea-probe', 'rhi-laptop.ptf.echoes-tech.com', 'ID20', '[prop@40311 ver=1 probe=6585][res1@40311 offset=2 1-1-4-1-3-4="NzU3NDE="]', NULL, '2012-09-08 23:48:22', '2012-09-08 23:48:22', 118, 6573, 2, 1, 6585);
INSERT INTO "T_SYSLOG_SLO" ("SLO_ID", version, "SLO_APP_NAME", "SLO_HOSTNAME", "SLO_MSG_ID", "SLO_SD", "SLO_DELETE", "SLO_RCPT_DATE", "SLO_SENT_DATE", "SLO_PRI", "SLO_PROC_ID", "SLO_STATE", "SLO_VERSION", "SLO_PRB_PRB_ID") VALUES (10316, 1, 'ea-probe', 'rhi-laptop.ptf.echoes-tech.com', 'ID21', '[prop@40311 ver=1 probe=6585][res1@40311 offset=2 1-1-2-1-3-2="MA=="]', NULL, '2012-09-08 23:48:22', '2012-09-08 23:48:22', 118, 6573, 2, 1, 6585);
INSERT INTO "T_SYSLOG_SLO" ("SLO_ID", version, "SLO_APP_NAME", "SLO_HOSTNAME", "SLO_MSG_ID", "SLO_SD", "SLO_DELETE", "SLO_RCPT_DATE", "SLO_SENT_DATE", "SLO_PRI", "SLO_PROC_ID", "SLO_STATE", "SLO_VERSION", "SLO_PRB_PRB_ID") VALUES (10317, 1, 'ea-probe', 'rhi-laptop.ptf.echoes-tech.com', 'ID22', '[prop@40311 ver=1 probe=6585][res1@40311 offset=2 1-1-2-1-4-2="MA=="]', NULL, '2012-09-08 23:48:22', '2012-09-08 23:48:22', 118, 6573, 2, 1, 6585);
INSERT INTO "T_SYSLOG_SLO" ("SLO_ID", version, "SLO_APP_NAME", "SLO_HOSTNAME", "SLO_MSG_ID", "SLO_SD", "SLO_DELETE", "SLO_RCPT_DATE", "SLO_SENT_DATE", "SLO_PRI", "SLO_PROC_ID", "SLO_STATE", "SLO_VERSION", "SLO_PRB_PRB_ID") VALUES (10318, 1, 'ea-probe', 'rhi-laptop.ptf.echoes-tech.com', 'ID23', '[prop@40311 ver=1 probe=6585][res1@40311 offset=2 1-1-2-1-5-2="MA=="]', NULL, '2012-09-08 23:48:22', '2012-09-08 23:48:22', 118, 6573, 2, 1, 6585);
INSERT INTO "T_SYSLOG_SLO" ("SLO_ID", version, "SLO_APP_NAME", "SLO_HOSTNAME", "SLO_MSG_ID", "SLO_SD", "SLO_DELETE", "SLO_RCPT_DATE", "SLO_SENT_DATE", "SLO_PRI", "SLO_PROC_ID", "SLO_STATE", "SLO_VERSION", "SLO_PRB_PRB_ID") VALUES (10319, 1, 'ea-probe', 'rhi-laptop.ptf.echoes-tech.com', 'ID24', '[prop@40311 ver=1 probe=6585][res1@40311 offset=2 1-1-2-1-6-2="MA=="]', NULL, '2012-09-08 23:48:22', '2012-09-08 23:48:22', 118, 6573, 2, 1, 6585);
INSERT INTO "T_SYSLOG_SLO" ("SLO_ID", version, "SLO_APP_NAME", "SLO_HOSTNAME", "SLO_MSG_ID", "SLO_SD", "SLO_DELETE", "SLO_RCPT_DATE", "SLO_SENT_DATE", "SLO_PRI", "SLO_PROC_ID", "SLO_STATE", "SLO_VERSION", "SLO_PRB_PRB_ID") VALUES (10321, 1, 'ea-probe', 'rhi-laptop.ptf.echoes-tech.com', 'ID26', '[prop@40311 ver=1 probe=6585][res1@40311 offset=2 1-1-4-1-5-4="MTg1MzM2ODY="]', NULL, '2012-09-08 23:48:22', '2012-09-08 23:48:22', 118, 6573, 2, 1, 6585);
INSERT INTO "T_SYSLOG_SLO" ("SLO_ID", version, "SLO_APP_NAME", "SLO_HOSTNAME", "SLO_MSG_ID", "SLO_SD", "SLO_DELETE", "SLO_RCPT_DATE", "SLO_SENT_DATE", "SLO_PRI", "SLO_PROC_ID", "SLO_STATE", "SLO_VERSION", "SLO_PRB_PRB_ID") VALUES (10322, 1, 'ea-probe', 'rhi-laptop.ptf.echoes-tech.com', 'ID27', '[prop@40311 ver=1 probe=6585][res1@40311 offset=2 1-1-2-1-7-2="MA=="]', NULL, '2012-09-08 23:48:22', '2012-09-08 23:48:22', 118, 6573, 2, 1, 6585);
INSERT INTO "T_SYSLOG_SLO" ("SLO_ID", version, "SLO_APP_NAME", "SLO_HOSTNAME", "SLO_MSG_ID", "SLO_SD", "SLO_DELETE", "SLO_RCPT_DATE", "SLO_SENT_DATE", "SLO_PRI", "SLO_PROC_ID", "SLO_STATE", "SLO_VERSION", "SLO_PRB_PRB_ID") VALUES (10323, 1, 'ea-probe', 'rhi-laptop.ptf.echoes-tech.com', 'ID28', '[prop@40311 ver=1 probe=6585][res1@40311 offset=2 1-1-2-1-8-2="MA=="]', NULL, '2012-09-08 23:48:22', '2012-09-08 23:48:22', 118, 6573, 2, 1, 6585);
INSERT INTO "T_SYSLOG_SLO" ("SLO_ID", version, "SLO_APP_NAME", "SLO_HOSTNAME", "SLO_MSG_ID", "SLO_SD", "SLO_DELETE", "SLO_RCPT_DATE", "SLO_SENT_DATE", "SLO_PRI", "SLO_PROC_ID", "SLO_STATE", "SLO_VERSION", "SLO_PRB_PRB_ID") VALUES (10324, 1, 'ea-probe', 'rhi-laptop.ptf.echoes-tech.com', 'ID29', '[prop@40311 ver=1 probe=6585][res1@40311 offset=2 1-1-2-1-9-2="MA=="]', NULL, '2012-09-08 23:48:22', '2012-09-08 23:48:22', 118, 6573, 2, 1, 6585);
INSERT INTO "T_SYSLOG_SLO" ("SLO_ID", version, "SLO_APP_NAME", "SLO_HOSTNAME", "SLO_MSG_ID", "SLO_SD", "SLO_DELETE", "SLO_RCPT_DATE", "SLO_SENT_DATE", "SLO_PRI", "SLO_PROC_ID", "SLO_STATE", "SLO_VERSION", "SLO_PRB_PRB_ID") VALUES (10325, 1, 'ea-probe', 'rhi-laptop.ptf.echoes-tech.com', 'ID30', '[prop@40311 ver=1 probe=6585][res1@40311 offset=2 1-1-1-4-1-1="MTU1NjE2MA=="]', NULL, '2012-09-08 23:48:22', '2012-09-08 23:48:22', 118, 6573, 2, 1, 6585);
INSERT INTO "T_SYSLOG_SLO" ("SLO_ID", version, "SLO_APP_NAME", "SLO_HOSTNAME", "SLO_MSG_ID", "SLO_SD", "SLO_DELETE", "SLO_RCPT_DATE", "SLO_SENT_DATE", "SLO_PRI", "SLO_PROC_ID", "SLO_STATE", "SLO_VERSION", "SLO_PRB_PRB_ID") VALUES (10326, 1, 'ea-probe', 'rhi-laptop.ptf.echoes-tech.com', 'ID31', '[prop@40311 ver=1 probe=6585][res1@40311 offset=2 1-1-4-1-1-4="Y3B1MA=="]', NULL, '2012-09-08 23:48:22', '2012-09-08 23:48:22', 118, 6573, 2, 1, 6585);
INSERT INTO "T_SYSLOG_SLO" ("SLO_ID", version, "SLO_APP_NAME", "SLO_HOSTNAME", "SLO_MSG_ID", "SLO_SD", "SLO_DELETE", "SLO_RCPT_DATE", "SLO_SENT_DATE", "SLO_PRI", "SLO_PROC_ID", "SLO_STATE", "SLO_VERSION", "SLO_PRB_PRB_ID") VALUES (10327, 1, 'ea-probe', 'rhi-laptop.ptf.echoes-tech.com', 'ID32', '[prop@40311 ver=1 probe=6585][res1@40311 offset=2 1-1-4-1-2-4="MzU0NDEw"]', NULL, '2012-09-08 23:48:22', '2012-09-08 23:48:22', 118, 6573, 2, 1, 6585);
INSERT INTO "T_SYSLOG_SLO" ("SLO_ID", version, "SLO_APP_NAME", "SLO_HOSTNAME", "SLO_MSG_ID", "SLO_SD", "SLO_DELETE", "SLO_RCPT_DATE", "SLO_SENT_DATE", "SLO_PRI", "SLO_PROC_ID", "SLO_STATE", "SLO_VERSION", "SLO_PRB_PRB_ID") VALUES (10328, 1, 'ea-probe', 'rhi-laptop.ptf.echoes-tech.com', 'ID33', '[prop@40311 ver=1 probe=6585][res1@40311 offset=2 1-1-4-1-3-4="NzI1Mg=="]', NULL, '2012-09-08 23:48:22', '2012-09-08 23:48:22', 118, 6573, 2, 1, 6585);
INSERT INTO "T_SYSLOG_SLO" ("SLO_ID", version, "SLO_APP_NAME", "SLO_HOSTNAME", "SLO_MSG_ID", "SLO_SD", "SLO_DELETE", "SLO_RCPT_DATE", "SLO_SENT_DATE", "SLO_PRI", "SLO_PROC_ID", "SLO_STATE", "SLO_VERSION", "SLO_PRB_PRB_ID") VALUES (10329, 1, 'ea-probe', 'rhi-laptop.ptf.echoes-tech.com', 'ID34', '[prop@40311 ver=1 probe=6585][res1@40311 offset=2 1-1-4-1-4-4="Nzk3MDg="]', NULL, '2012-09-08 23:48:22', '2012-09-08 23:48:22', 118, 6573, 2, 1, 6585);
INSERT INTO "T_SYSLOG_SLO" ("SLO_ID", version, "SLO_APP_NAME", "SLO_HOSTNAME", "SLO_MSG_ID", "SLO_SD", "SLO_DELETE", "SLO_RCPT_DATE", "SLO_SENT_DATE", "SLO_PRI", "SLO_PROC_ID", "SLO_STATE", "SLO_VERSION", "SLO_PRB_PRB_ID") VALUES (10330, 1, 'ea-probe', 'rhi-laptop.ptf.echoes-tech.com', 'ID35', '[prop@40311 ver=1 probe=6585][res1@40311 offset=2 1-1-4-1-5-4="NDQ2NzI5NQ=="]', NULL, '2012-09-08 23:48:22', '2012-09-08 23:48:22', 118, 6573, 2, 1, 6585);
INSERT INTO "T_SYSLOG_SLO" ("SLO_ID", version, "SLO_APP_NAME", "SLO_HOSTNAME", "SLO_MSG_ID", "SLO_SD", "SLO_DELETE", "SLO_RCPT_DATE", "SLO_SENT_DATE", "SLO_PRI", "SLO_PROC_ID", "SLO_STATE", "SLO_VERSION", "SLO_PRB_PRB_ID") VALUES (10331, 1, 'ea-probe', 'rhi-laptop.ptf.echoes-tech.com', 'ID36', '[prop@40311 ver=1 probe=6585][res1@40311 offset=2 1-1-2-1-1-2="ZXRoMA=="]', NULL, '2012-09-08 23:48:22', '2012-09-08 23:48:22', 118, 6573, 2, 1, 6585);
INSERT INTO "T_SYSLOG_SLO" ("SLO_ID", version, "SLO_APP_NAME", "SLO_HOSTNAME", "SLO_MSG_ID", "SLO_SD", "SLO_DELETE", "SLO_RCPT_DATE", "SLO_SENT_DATE", "SLO_PRI", "SLO_PROC_ID", "SLO_STATE", "SLO_VERSION", "SLO_PRB_PRB_ID") VALUES (10332, 1, 'ea-probe', 'rhi-laptop.ptf.echoes-tech.com', 'ID37', '[prop@40311 ver=1 probe=6585][res1@40311 offset=2 1-1-2-1-2-2="ODg4MDQ5NTAy"]', NULL, '2012-09-08 23:48:22', '2012-09-08 23:48:22', 118, 6573, 2, 1, 6585);
INSERT INTO "T_SYSLOG_SLO" ("SLO_ID", version, "SLO_APP_NAME", "SLO_HOSTNAME", "SLO_MSG_ID", "SLO_SD", "SLO_DELETE", "SLO_RCPT_DATE", "SLO_SENT_DATE", "SLO_PRI", "SLO_PROC_ID", "SLO_STATE", "SLO_VERSION", "SLO_PRB_PRB_ID") VALUES (10333, 1, 'ea-probe', 'rhi-laptop.ptf.echoes-tech.com', 'ID38', '[prop@40311 ver=1 probe=6585][res1@40311 offset=2 1-1-2-1-3-2="MTIzMjAzMA=="]', NULL, '2012-09-08 23:48:22', '2012-09-08 23:48:22', 118, 6573, 2, 1, 6585);
INSERT INTO "T_SYSLOG_SLO" ("SLO_ID", version, "SLO_APP_NAME", "SLO_HOSTNAME", "SLO_MSG_ID", "SLO_SD", "SLO_DELETE", "SLO_RCPT_DATE", "SLO_SENT_DATE", "SLO_PRI", "SLO_PROC_ID", "SLO_STATE", "SLO_VERSION", "SLO_PRB_PRB_ID") VALUES (10334, 1, 'ea-probe', 'rhi-laptop.ptf.echoes-tech.com', 'ID39', '[prop@40311 ver=1 probe=6585][res1@40311 offset=2 1-1-2-1-4-2="MA=="]', NULL, '2012-09-08 23:48:22', '2012-09-08 23:48:22', 118, 6573, 2, 1, 6585);
INSERT INTO "T_SYSLOG_SLO" ("SLO_ID", version, "SLO_APP_NAME", "SLO_HOSTNAME", "SLO_MSG_ID", "SLO_SD", "SLO_DELETE", "SLO_RCPT_DATE", "SLO_SENT_DATE", "SLO_PRI", "SLO_PROC_ID", "SLO_STATE", "SLO_VERSION", "SLO_PRB_PRB_ID") VALUES (10335, 1, 'ea-probe', 'rhi-laptop.ptf.echoes-tech.com', 'ID40', '[prop@40311 ver=1 probe=6585][res1@40311 offset=2 1-1-2-1-5-2="MA=="]', NULL, '2012-09-08 23:48:22', '2012-09-08 23:48:22', 118, 6573, 2, 1, 6585);
INSERT INTO "T_SYSLOG_SLO" ("SLO_ID", version, "SLO_APP_NAME", "SLO_HOSTNAME", "SLO_MSG_ID", "SLO_SD", "SLO_DELETE", "SLO_RCPT_DATE", "SLO_SENT_DATE", "SLO_PRI", "SLO_PROC_ID", "SLO_STATE", "SLO_VERSION", "SLO_PRB_PRB_ID") VALUES (10339, 1, 'ea-probe', 'rhi-laptop.ptf.echoes-tech.com', 'ID44', '[prop@40311 ver=1 probe=6585][res1@40311 offset=2 1-1-2-1-9-2="MA=="]', NULL, '2012-09-08 23:48:22', '2012-09-08 23:48:22', 118, 6573, 2, 1, 6585);
INSERT INTO "T_SYSLOG_SLO" ("SLO_ID", version, "SLO_APP_NAME", "SLO_HOSTNAME", "SLO_MSG_ID", "SLO_SD", "SLO_DELETE", "SLO_RCPT_DATE", "SLO_SENT_DATE", "SLO_PRI", "SLO_PROC_ID", "SLO_STATE", "SLO_VERSION", "SLO_PRB_PRB_ID") VALUES (10296, 1, 'ea-probe', 'rhi-laptop.ptf.echoes-tech.com', 'ID1', '[prop@40311 ver=1 probe=6585][res1@40311 offset=2 1-1-3-1-1-3="MC45NA=="]', NULL, '2012-09-08 23:48:22', '2012-09-08 23:48:22', 118, 6573, 2, 1, 6585);
INSERT INTO "T_SYSLOG_SLO" ("SLO_ID", version, "SLO_APP_NAME", "SLO_HOSTNAME", "SLO_MSG_ID", "SLO_SD", "SLO_DELETE", "SLO_RCPT_DATE", "SLO_SENT_DATE", "SLO_PRI", "SLO_PROC_ID", "SLO_STATE", "SLO_VERSION", "SLO_PRB_PRB_ID") VALUES (10341, 1, 'ea-probe', 'rhi-laptop.ptf.echoes-tech.com', 'ID46', '[prop@40311 ver=1 probe=6585][res1@40311 offset=2 1-1-4-1-2-4="Mzg4ODA4"]', NULL, '2012-09-08 23:48:22', '2012-09-08 23:48:22', 118, 6573, 2, 1, 6585);
INSERT INTO "T_SYSLOG_SLO" ("SLO_ID", version, "SLO_APP_NAME", "SLO_HOSTNAME", "SLO_MSG_ID", "SLO_SD", "SLO_DELETE", "SLO_RCPT_DATE", "SLO_SENT_DATE", "SLO_PRI", "SLO_PROC_ID", "SLO_STATE", "SLO_VERSION", "SLO_PRB_PRB_ID") VALUES (10297, 1, 'ea-probe', 'rhi-laptop.ptf.echoes-tech.com', 'ID2', '[prop@40311 ver=1 probe=6585][res1@40311 offset=2 1-1-3-1-2-3="MC44OA=="]', NULL, '2012-09-08 23:48:22', '2012-09-08 23:48:22', 118, 6573, 2, 1, 6585);
INSERT INTO "T_SYSLOG_SLO" ("SLO_ID", version, "SLO_APP_NAME", "SLO_HOSTNAME", "SLO_MSG_ID", "SLO_SD", "SLO_DELETE", "SLO_RCPT_DATE", "SLO_SENT_DATE", "SLO_PRI", "SLO_PROC_ID", "SLO_STATE", "SLO_VERSION", "SLO_PRB_PRB_ID") VALUES (10298, 1, 'ea-probe', 'rhi-laptop.ptf.echoes-tech.com', 'ID3', '[prop@40311 ver=1 probe=6585][res1@40311 offset=2 1-1-3-1-3-3="MC44Nw=="]', NULL, '2012-09-08 23:48:22', '2012-09-08 23:48:22', 118, 6573, 2, 1, 6585);
INSERT INTO "T_SYSLOG_SLO" ("SLO_ID", version, "SLO_APP_NAME", "SLO_HOSTNAME", "SLO_MSG_ID", "SLO_SD", "SLO_DELETE", "SLO_RCPT_DATE", "SLO_SENT_DATE", "SLO_PRI", "SLO_PROC_ID", "SLO_STATE", "SLO_VERSION", "SLO_PRB_PRB_ID") VALUES (10299, 1, 'ea-probe', 'rhi-laptop.ptf.echoes-tech.com', 'ID4', '[prop@40311 ver=1 probe=6585][res1@40311 offset=2 1-1-1-1-1-1="NTk5MTI4OA=="]', NULL, '2012-09-08 23:48:22', '2012-09-08 23:48:22', 118, 6573, 2, 1, 6585);
INSERT INTO "T_SYSLOG_SLO" ("SLO_ID", version, "SLO_APP_NAME", "SLO_HOSTNAME", "SLO_MSG_ID", "SLO_SD", "SLO_DELETE", "SLO_RCPT_DATE", "SLO_SENT_DATE", "SLO_PRI", "SLO_PROC_ID", "SLO_STATE", "SLO_VERSION", "SLO_PRB_PRB_ID") VALUES (10300, 1, 'ea-probe', 'rhi-laptop.ptf.echoes-tech.com', 'ID5', '[prop@40311 ver=1 probe=6585][res1@40311 offset=2 1-1-1-2-1-1="MjY0MDA3Mg=="]', NULL, '2012-09-08 23:48:22', '2012-09-08 23:48:22', 118, 6573, 2, 1, 6585);
INSERT INTO "T_SYSLOG_SLO" ("SLO_ID", version, "SLO_APP_NAME", "SLO_HOSTNAME", "SLO_MSG_ID", "SLO_SD", "SLO_DELETE", "SLO_RCPT_DATE", "SLO_SENT_DATE", "SLO_PRI", "SLO_PROC_ID", "SLO_STATE", "SLO_VERSION", "SLO_PRB_PRB_ID") VALUES (10320, 1, 'ea-probe', 'rhi-laptop.ptf.echoes-tech.com', 'ID25', '[prop@40311 ver=1 probe=6585][res1@40311 offset=2 1-1-4-1-4-4="MTk3NTU3"]', NULL, '2012-09-08 23:48:22', '2012-09-08 23:48:22', 118, 6573, 2, 1, 6585);
INSERT INTO "T_SYSLOG_SLO" ("SLO_ID", version, "SLO_APP_NAME", "SLO_HOSTNAME", "SLO_MSG_ID", "SLO_SD", "SLO_DELETE", "SLO_RCPT_DATE", "SLO_SENT_DATE", "SLO_PRI", "SLO_PROC_ID", "SLO_STATE", "SLO_VERSION", "SLO_PRB_PRB_ID") VALUES (10336, 1, 'ea-probe', 'rhi-laptop.ptf.echoes-tech.com', 'ID41', '[prop@40311 ver=1 probe=6585][res1@40311 offset=2 1-1-2-1-6-2="OTM0NjUwNTU0"]', NULL, '2012-09-08 23:48:22', '2012-09-08 23:48:22', 118, 6573, 2, 1, 6585);
INSERT INTO "T_SYSLOG_SLO" ("SLO_ID", version, "SLO_APP_NAME", "SLO_HOSTNAME", "SLO_MSG_ID", "SLO_SD", "SLO_DELETE", "SLO_RCPT_DATE", "SLO_SENT_DATE", "SLO_PRI", "SLO_PROC_ID", "SLO_STATE", "SLO_VERSION", "SLO_PRB_PRB_ID") VALUES (10343, 1, 'ea-probe', 'rhi-laptop.ptf.echoes-tech.com', 'ID48', '[prop@40311 ver=1 probe=6585][res1@40311 offset=2 1-1-4-1-4-4="NjA3MzA="]', NULL, '2012-09-08 23:48:22', '2012-09-08 23:48:22', 118, 6573, 2, 1, 6585);
INSERT INTO "T_SYSLOG_SLO" ("SLO_ID", version, "SLO_APP_NAME", "SLO_HOSTNAME", "SLO_MSG_ID", "SLO_SD", "SLO_DELETE", "SLO_RCPT_DATE", "SLO_SENT_DATE", "SLO_PRI", "SLO_PROC_ID", "SLO_STATE", "SLO_VERSION", "SLO_PRB_PRB_ID") VALUES (10345, 1, 'ea-probe', 'rhi-laptop.ptf.echoes-tech.com', 'ID50', '[prop@40311 ver=1 probe=6585][res1@40311 offset=2 1-1-4-1-1-4="Y3B1Mg=="]', NULL, '2012-09-08 23:48:22', '2012-09-08 23:48:22', 118, 6573, 2, 1, 6585);
INSERT INTO "T_SYSLOG_SLO" ("SLO_ID", version, "SLO_APP_NAME", "SLO_HOSTNAME", "SLO_MSG_ID", "SLO_SD", "SLO_DELETE", "SLO_RCPT_DATE", "SLO_SENT_DATE", "SLO_PRI", "SLO_PROC_ID", "SLO_STATE", "SLO_VERSION", "SLO_PRB_PRB_ID") VALUES (10340, 1, 'ea-probe', 'rhi-laptop.ptf.echoes-tech.com', 'ID45', '[prop@40311 ver=1 probe=6585][res1@40311 offset=2 1-1-4-1-1-4="Y3B1MQ=="]', NULL, '2012-09-08 23:48:22', '2012-09-08 23:48:22', 118, 6573, 2, 1, 6585);
INSERT INTO "T_SYSLOG_SLO" ("SLO_ID", version, "SLO_APP_NAME", "SLO_HOSTNAME", "SLO_MSG_ID", "SLO_SD", "SLO_DELETE", "SLO_RCPT_DATE", "SLO_SENT_DATE", "SLO_PRI", "SLO_PROC_ID", "SLO_STATE", "SLO_VERSION", "SLO_PRB_PRB_ID") VALUES (10337, 1, 'ea-probe', 'rhi-laptop.ptf.echoes-tech.com', 'ID42', '[prop@40311 ver=1 probe=6585][res1@40311 offset=2 1-1-2-1-7-2="MTQ4OTk1Mg=="]', NULL, '2012-09-08 23:48:22', '2012-09-08 23:48:22', 118, 6573, 2, 1, 6585);
INSERT INTO "T_SYSLOG_SLO" ("SLO_ID", version, "SLO_APP_NAME", "SLO_HOSTNAME", "SLO_MSG_ID", "SLO_SD", "SLO_DELETE", "SLO_RCPT_DATE", "SLO_SENT_DATE", "SLO_PRI", "SLO_PROC_ID", "SLO_STATE", "SLO_VERSION", "SLO_PRB_PRB_ID") VALUES (10338, 1, 'ea-probe', 'rhi-laptop.ptf.echoes-tech.com', 'ID43', '[prop@40311 ver=1 probe=6585][res1@40311 offset=2 1-1-2-1-8-2="MA=="]', NULL, '2012-09-08 23:48:22', '2012-09-08 23:48:22', 118, 6573, 2, 1, 6585);
INSERT INTO "T_SYSLOG_SLO" ("SLO_ID", version, "SLO_APP_NAME", "SLO_HOSTNAME", "SLO_MSG_ID", "SLO_SD", "SLO_DELETE", "SLO_RCPT_DATE", "SLO_SENT_DATE", "SLO_PRI", "SLO_PROC_ID", "SLO_STATE", "SLO_VERSION", "SLO_PRB_PRB_ID") VALUES (10347, 1, 'ea-probe', 'rhi-laptop.ptf.echoes-tech.com', 'ID52', '[prop@40311 ver=1 probe=6585][res1@40311 offset=2 1-1-4-1-3-4="Mjk2MjA="]', NULL, '2012-09-08 23:48:22', '2012-09-08 23:48:22', 118, 6573, 2, 1, 6585);
INSERT INTO "T_SYSLOG_SLO" ("SLO_ID", version, "SLO_APP_NAME", "SLO_HOSTNAME", "SLO_MSG_ID", "SLO_SD", "SLO_DELETE", "SLO_RCPT_DATE", "SLO_SENT_DATE", "SLO_PRI", "SLO_PROC_ID", "SLO_STATE", "SLO_VERSION", "SLO_PRB_PRB_ID") VALUES (10342, 1, 'ea-probe', 'rhi-laptop.ptf.echoes-tech.com', 'ID47', '[prop@40311 ver=1 probe=6585][res1@40311 offset=2 1-1-4-1-3-4="MTczNTk="]', NULL, '2012-09-08 23:48:22', '2012-09-08 23:48:22', 118, 6573, 2, 1, 6585);
INSERT INTO "T_SYSLOG_SLO" ("SLO_ID", version, "SLO_APP_NAME", "SLO_HOSTNAME", "SLO_MSG_ID", "SLO_SD", "SLO_DELETE", "SLO_RCPT_DATE", "SLO_SENT_DATE", "SLO_PRI", "SLO_PROC_ID", "SLO_STATE", "SLO_VERSION", "SLO_PRB_PRB_ID") VALUES (10349, 1, 'ea-probe', 'rhi-laptop.ptf.echoes-tech.com', 'ID54', '[prop@40311 ver=1 probe=6585][res1@40311 offset=2 1-1-4-1-5-4="NDc3OTM2NA=="]', NULL, '2012-09-08 23:48:22', '2012-09-08 23:48:22', 118, 6573, 2, 1, 6585);
INSERT INTO "T_SYSLOG_SLO" ("SLO_ID", version, "SLO_APP_NAME", "SLO_HOSTNAME", "SLO_MSG_ID", "SLO_SD", "SLO_DELETE", "SLO_RCPT_DATE", "SLO_SENT_DATE", "SLO_PRI", "SLO_PROC_ID", "SLO_STATE", "SLO_VERSION", "SLO_PRB_PRB_ID") VALUES (10344, 1, 'ea-probe', 'rhi-laptop.ptf.echoes-tech.com', 'ID49', '[prop@40311 ver=1 probe=6585][res1@40311 offset=2 1-1-4-1-5-4="NDQ5OTY0MA=="]', NULL, '2012-09-08 23:48:22', '2012-09-08 23:48:22', 118, 6573, 2, 1, 6585);
INSERT INTO "T_SYSLOG_SLO" ("SLO_ID", version, "SLO_APP_NAME", "SLO_HOSTNAME", "SLO_MSG_ID", "SLO_SD", "SLO_DELETE", "SLO_RCPT_DATE", "SLO_SENT_DATE", "SLO_PRI", "SLO_PROC_ID", "SLO_STATE", "SLO_VERSION", "SLO_PRB_PRB_ID") VALUES (10346, 1, 'ea-probe', 'rhi-laptop.ptf.echoes-tech.com', 'ID51', '[prop@40311 ver=1 probe=6585][res1@40311 offset=2 1-1-4-1-2-4="MTM1MDU0"]', NULL, '2012-09-08 23:48:22', '2012-09-08 23:48:22', 118, 6573, 2, 1, 6585);
INSERT INTO "T_SYSLOG_SLO" ("SLO_ID", version, "SLO_APP_NAME", "SLO_HOSTNAME", "SLO_MSG_ID", "SLO_SD", "SLO_DELETE", "SLO_RCPT_DATE", "SLO_SENT_DATE", "SLO_PRI", "SLO_PROC_ID", "SLO_STATE", "SLO_VERSION", "SLO_PRB_PRB_ID") VALUES (10351, 1, 'ea-probe', 'rhi-laptop.ptf.echoes-tech.com', 'ID56', '[prop@40311 ver=1 probe=6585][res1@40311 offset=2 1-1-4-1-2-4="MTMxMTI3"]', NULL, '2012-09-08 23:48:22', '2012-09-08 23:48:22', 118, 6573, 2, 1, 6585);
INSERT INTO "T_SYSLOG_SLO" ("SLO_ID", version, "SLO_APP_NAME", "SLO_HOSTNAME", "SLO_MSG_ID", "SLO_SD", "SLO_DELETE", "SLO_RCPT_DATE", "SLO_SENT_DATE", "SLO_PRI", "SLO_PROC_ID", "SLO_STATE", "SLO_VERSION", "SLO_PRB_PRB_ID") VALUES (10348, 1, 'ea-probe', 'rhi-laptop.ptf.echoes-tech.com', 'ID53', '[prop@40311 ver=1 probe=6585][res1@40311 offset=2 1-1-4-1-4-4="MjYwMDY="]', NULL, '2012-09-08 23:48:22', '2012-09-08 23:48:22', 118, 6573, 2, 1, 6585);
INSERT INTO "T_SYSLOG_SLO" ("SLO_ID", version, "SLO_APP_NAME", "SLO_HOSTNAME", "SLO_MSG_ID", "SLO_SD", "SLO_DELETE", "SLO_RCPT_DATE", "SLO_SENT_DATE", "SLO_PRI", "SLO_PROC_ID", "SLO_STATE", "SLO_VERSION", "SLO_PRB_PRB_ID") VALUES (10353, 1, 'ea-probe', 'rhi-laptop.ptf.echoes-tech.com', 'ID58', '[prop@40311 ver=1 probe=6585][res1@40311 offset=2 1-1-4-1-4-4="MzExMTE="]', NULL, '2012-09-08 23:48:22', '2012-09-08 23:48:22', 118, 6573, 2, 1, 6585);
INSERT INTO "T_SYSLOG_SLO" ("SLO_ID", version, "SLO_APP_NAME", "SLO_HOSTNAME", "SLO_MSG_ID", "SLO_SD", "SLO_DELETE", "SLO_RCPT_DATE", "SLO_SENT_DATE", "SLO_PRI", "SLO_PROC_ID", "SLO_STATE", "SLO_VERSION", "SLO_PRB_PRB_ID") VALUES (10350, 1, 'ea-probe', 'rhi-laptop.ptf.echoes-tech.com', 'ID55', '[prop@40311 ver=1 probe=6585][res1@40311 offset=2 1-1-4-1-1-4="Y3B1Mw=="]', NULL, '2012-09-08 23:48:22', '2012-09-08 23:48:22', 118, 6573, 2, 1, 6585);
INSERT INTO "T_SYSLOG_SLO" ("SLO_ID", version, "SLO_APP_NAME", "SLO_HOSTNAME", "SLO_MSG_ID", "SLO_SD", "SLO_DELETE", "SLO_RCPT_DATE", "SLO_SENT_DATE", "SLO_PRI", "SLO_PROC_ID", "SLO_STATE", "SLO_VERSION", "SLO_PRB_PRB_ID") VALUES (10356, 1, 'ea-probe', 'rhi-laptop.ptf.echoes-tech.com', 'ID61', '[prop@40311 ver=1 probe=6585][res1@40311 offset=2 1-1-1-6-1-1="MA=="]', NULL, '2012-09-08 23:48:22', '2012-09-08 23:48:22', 118, 6573, 2, 1, 6585);
INSERT INTO "T_SYSLOG_SLO" ("SLO_ID", version, "SLO_APP_NAME", "SLO_HOSTNAME", "SLO_MSG_ID", "SLO_SD", "SLO_DELETE", "SLO_RCPT_DATE", "SLO_SENT_DATE", "SLO_PRI", "SLO_PROC_ID", "SLO_STATE", "SLO_VERSION", "SLO_PRB_PRB_ID") VALUES (10355, 1, 'ea-probe', 'rhi-laptop.ptf.echoes-tech.com', 'ID60', '[prop@40311 ver=1 probe=6585][res1@40311 offset=2 1-1-1-5-1-1="MA=="]', NULL, '2012-09-08 23:48:22', '2012-09-08 23:48:22', 118, 6573, 2, 1, 6585);
INSERT INTO "T_SYSLOG_SLO" ("SLO_ID", version, "SLO_APP_NAME", "SLO_HOSTNAME", "SLO_MSG_ID", "SLO_SD", "SLO_DELETE", "SLO_RCPT_DATE", "SLO_SENT_DATE", "SLO_PRI", "SLO_PROC_ID", "SLO_STATE", "SLO_VERSION", "SLO_PRB_PRB_ID") VALUES (10357, 1, 'ea-probe', 'rhi-laptop.ptf.echoes-tech.com', 'ID1', '[prop@40311 ver=1 probe=6585][res1@40311 offset=2 1-1-3-1-1-2="MC45Nw=="]', NULL, '2012-09-08 23:56:32', '2012-09-08 23:56:32', 118, 6766, 2, 1, 6585);
INSERT INTO "T_SYSLOG_SLO" ("SLO_ID", version, "SLO_APP_NAME", "SLO_HOSTNAME", "SLO_MSG_ID", "SLO_SD", "SLO_DELETE", "SLO_RCPT_DATE", "SLO_SENT_DATE", "SLO_PRI", "SLO_PROC_ID", "SLO_STATE", "SLO_VERSION", "SLO_PRB_PRB_ID") VALUES (10352, 1, 'ea-probe', 'rhi-laptop.ptf.echoes-tech.com', 'ID57', '[prop@40311 ver=1 probe=6585][res1@40311 offset=2 1-1-4-1-3-4="MjE1MDk="]', NULL, '2012-09-08 23:48:22', '2012-09-08 23:48:22', 118, 6573, 2, 1, 6585);
INSERT INTO "T_SYSLOG_SLO" ("SLO_ID", version, "SLO_APP_NAME", "SLO_HOSTNAME", "SLO_MSG_ID", "SLO_SD", "SLO_DELETE", "SLO_RCPT_DATE", "SLO_SENT_DATE", "SLO_PRI", "SLO_PROC_ID", "SLO_STATE", "SLO_VERSION", "SLO_PRB_PRB_ID") VALUES (10358, 1, 'ea-probe', 'rhi-laptop.ptf.echoes-tech.com', 'ID2', '[prop@40311 ver=1 probe=6585][res1@40311 offset=2 1-1-3-1-2-2="MC45Ng=="]', NULL, '2012-09-08 23:56:32', '2012-09-08 23:56:32', 118, 6766, 2, 1, 6585);
INSERT INTO "T_SYSLOG_SLO" ("SLO_ID", version, "SLO_APP_NAME", "SLO_HOSTNAME", "SLO_MSG_ID", "SLO_SD", "SLO_DELETE", "SLO_RCPT_DATE", "SLO_SENT_DATE", "SLO_PRI", "SLO_PROC_ID", "SLO_STATE", "SLO_VERSION", "SLO_PRB_PRB_ID") VALUES (10354, 1, 'ea-probe', 'rhi-laptop.ptf.echoes-tech.com', 'ID59', '[prop@40311 ver=1 probe=6585][res1@40311 offset=2 1-1-4-1-5-4="NDc4NzM4NQ=="]', NULL, '2012-09-08 23:48:22', '2012-09-08 23:48:22', 118, 6573, 2, 1, 6585);
INSERT INTO "T_SYSLOG_SLO" ("SLO_ID", version, "SLO_APP_NAME", "SLO_HOSTNAME", "SLO_MSG_ID", "SLO_SD", "SLO_DELETE", "SLO_RCPT_DATE", "SLO_SENT_DATE", "SLO_PRI", "SLO_PROC_ID", "SLO_STATE", "SLO_VERSION", "SLO_PRB_PRB_ID") VALUES (10359, 1, 'ea-probe', 'rhi-laptop.ptf.echoes-tech.com', 'ID3', '[prop@40311 ver=1 probe=6585][res1@40311 offset=2 1-1-3-1-3-2="MC45MQ=="]', NULL, '2012-09-08 23:56:32', '2012-09-08 23:56:32', 118, 6766, 2, 1, 6585);
INSERT INTO "T_SYSLOG_SLO" ("SLO_ID", version, "SLO_APP_NAME", "SLO_HOSTNAME", "SLO_MSG_ID", "SLO_SD", "SLO_DELETE", "SLO_RCPT_DATE", "SLO_SENT_DATE", "SLO_PRI", "SLO_PROC_ID", "SLO_STATE", "SLO_VERSION", "SLO_PRB_PRB_ID") VALUES (10360, 1, 'ea-probe', 'rhi-laptop.ptf.echoes-tech.com', 'ID4', '[prop@40311 ver=1 probe=6585][res1@40311 offset=2 1-1-1-1-1-4="NTk5MTI4OA=="]', NULL, '2012-09-08 23:56:32', '2012-09-08 23:56:32', 118, 6766, 2, 1, 6585);
INSERT INTO "T_SYSLOG_SLO" ("SLO_ID", version, "SLO_APP_NAME", "SLO_HOSTNAME", "SLO_MSG_ID", "SLO_SD", "SLO_DELETE", "SLO_RCPT_DATE", "SLO_SENT_DATE", "SLO_PRI", "SLO_PROC_ID", "SLO_STATE", "SLO_VERSION", "SLO_PRB_PRB_ID") VALUES (10365, 1, 'ea-probe', 'rhi-laptop.ptf.echoes-tech.com', 'ID9', '[prop@40311 ver=1 probe=6585][res1@40311 offset=2 1-1-4-1-3-1="NzU3NDE="]', NULL, '2012-09-08 23:56:32', '2012-09-08 23:56:32', 118, 6766, 2, 1, 6585);
INSERT INTO "T_SYSLOG_SLO" ("SLO_ID", version, "SLO_APP_NAME", "SLO_HOSTNAME", "SLO_MSG_ID", "SLO_SD", "SLO_DELETE", "SLO_RCPT_DATE", "SLO_SENT_DATE", "SLO_PRI", "SLO_PROC_ID", "SLO_STATE", "SLO_VERSION", "SLO_PRB_PRB_ID") VALUES (10366, 1, 'ea-probe', 'rhi-laptop.ptf.echoes-tech.com', 'ID10', '[prop@40311 ver=1 probe=6585][res1@40311 offset=2 1-1-4-1-4-1="MTk5ODM2"]', NULL, '2012-09-08 23:56:32', '2012-09-08 23:56:32', 118, 6766, 2, 1, 6585);
INSERT INTO "T_SYSLOG_SLO" ("SLO_ID", version, "SLO_APP_NAME", "SLO_HOSTNAME", "SLO_MSG_ID", "SLO_SD", "SLO_DELETE", "SLO_RCPT_DATE", "SLO_SENT_DATE", "SLO_PRI", "SLO_PROC_ID", "SLO_STATE", "SLO_VERSION", "SLO_PRB_PRB_ID") VALUES (10368, 1, 'ea-probe', 'rhi-laptop.ptf.echoes-tech.com', 'ID12', '[prop@40311 ver=1 probe=6585][res1@40311 offset=2 1-1-4-1-1-1="Y3B1MA=="]', NULL, '2012-09-08 23:56:32', '2012-09-08 23:56:32', 118, 6766, 2, 1, 6585);
INSERT INTO "T_SYSLOG_SLO" ("SLO_ID", version, "SLO_APP_NAME", "SLO_HOSTNAME", "SLO_MSG_ID", "SLO_SD", "SLO_DELETE", "SLO_RCPT_DATE", "SLO_SENT_DATE", "SLO_PRI", "SLO_PROC_ID", "SLO_STATE", "SLO_VERSION", "SLO_PRB_PRB_ID") VALUES (10369, 1, 'ea-probe', 'rhi-laptop.ptf.echoes-tech.com', 'ID13', '[prop@40311 ver=1 probe=6585][res1@40311 offset=2 1-1-4-1-2-1="MzU3Nzc0"]', NULL, '2012-09-08 23:56:32', '2012-09-08 23:56:32', 118, 6766, 2, 1, 6585);
INSERT INTO "T_SYSLOG_SLO" ("SLO_ID", version, "SLO_APP_NAME", "SLO_HOSTNAME", "SLO_MSG_ID", "SLO_SD", "SLO_DELETE", "SLO_RCPT_DATE", "SLO_SENT_DATE", "SLO_PRI", "SLO_PROC_ID", "SLO_STATE", "SLO_VERSION", "SLO_PRB_PRB_ID") VALUES (10370, 1, 'ea-probe', 'rhi-laptop.ptf.echoes-tech.com', 'ID14', '[prop@40311 ver=1 probe=6585][res1@40311 offset=2 1-1-4-1-3-1="NzI1Mg=="]', NULL, '2012-09-08 23:56:32', '2012-09-08 23:56:32', 118, 6766, 2, 1, 6585);
INSERT INTO "T_SYSLOG_SLO" ("SLO_ID", version, "SLO_APP_NAME", "SLO_HOSTNAME", "SLO_MSG_ID", "SLO_SD", "SLO_DELETE", "SLO_RCPT_DATE", "SLO_SENT_DATE", "SLO_PRI", "SLO_PROC_ID", "SLO_STATE", "SLO_VERSION", "SLO_PRB_PRB_ID") VALUES (10371, 1, 'ea-probe', 'rhi-laptop.ptf.echoes-tech.com', 'ID15', '[prop@40311 ver=1 probe=6585][res1@40311 offset=2 1-1-4-1-4-1="ODA5NDk="]', NULL, '2012-09-08 23:56:32', '2012-09-08 23:56:32', 118, 6766, 2, 1, 6585);
INSERT INTO "T_SYSLOG_SLO" ("SLO_ID", version, "SLO_APP_NAME", "SLO_HOSTNAME", "SLO_MSG_ID", "SLO_SD", "SLO_DELETE", "SLO_RCPT_DATE", "SLO_SENT_DATE", "SLO_PRI", "SLO_PROC_ID", "SLO_STATE", "SLO_VERSION", "SLO_PRB_PRB_ID") VALUES (10372, 1, 'ea-probe', 'rhi-laptop.ptf.echoes-tech.com', 'ID16', '[prop@40311 ver=1 probe=6585][res1@40311 offset=2 1-1-4-1-5-1="NDUxMTAwMw=="]', NULL, '2012-09-08 23:56:32', '2012-09-08 23:56:32', 118, 6766, 2, 1, 6585);
INSERT INTO "T_SYSLOG_SLO" ("SLO_ID", version, "SLO_APP_NAME", "SLO_HOSTNAME", "SLO_MSG_ID", "SLO_SD", "SLO_DELETE", "SLO_RCPT_DATE", "SLO_SENT_DATE", "SLO_PRI", "SLO_PROC_ID", "SLO_STATE", "SLO_VERSION", "SLO_PRB_PRB_ID") VALUES (10373, 1, 'ea-probe', 'rhi-laptop.ptf.echoes-tech.com', 'ID17', '[prop@40311 ver=1 probe=6585][res1@40311 offset=2 1-1-4-1-1-1="Y3B1MQ=="]', NULL, '2012-09-08 23:56:32', '2012-09-08 23:56:32', 118, 6766, 2, 1, 6585);
INSERT INTO "T_SYSLOG_SLO" ("SLO_ID", version, "SLO_APP_NAME", "SLO_HOSTNAME", "SLO_MSG_ID", "SLO_SD", "SLO_DELETE", "SLO_RCPT_DATE", "SLO_SENT_DATE", "SLO_PRI", "SLO_PROC_ID", "SLO_STATE", "SLO_VERSION", "SLO_PRB_PRB_ID") VALUES (10374, 1, 'ea-probe', 'rhi-laptop.ptf.echoes-tech.com', 'ID18', '[prop@40311 ver=1 probe=6585][res1@40311 offset=2 1-1-4-1-2-1="MzkzMTcx"]', NULL, '2012-09-08 23:56:32', '2012-09-08 23:56:32', 118, 6766, 2, 1, 6585);
INSERT INTO "T_SYSLOG_SLO" ("SLO_ID", version, "SLO_APP_NAME", "SLO_HOSTNAME", "SLO_MSG_ID", "SLO_SD", "SLO_DELETE", "SLO_RCPT_DATE", "SLO_SENT_DATE", "SLO_PRI", "SLO_PROC_ID", "SLO_STATE", "SLO_VERSION", "SLO_PRB_PRB_ID") VALUES (10375, 1, 'ea-probe', 'rhi-laptop.ptf.echoes-tech.com', 'ID19', '[prop@40311 ver=1 probe=6585][res1@40311 offset=2 1-1-4-1-3-1="MTczNTk="]', NULL, '2012-09-08 23:56:32', '2012-09-08 23:56:32', 118, 6766, 2, 1, 6585);
INSERT INTO "T_SYSLOG_SLO" ("SLO_ID", version, "SLO_APP_NAME", "SLO_HOSTNAME", "SLO_MSG_ID", "SLO_SD", "SLO_DELETE", "SLO_RCPT_DATE", "SLO_SENT_DATE", "SLO_PRI", "SLO_PROC_ID", "SLO_STATE", "SLO_VERSION", "SLO_PRB_PRB_ID") VALUES (10376, 1, 'ea-probe', 'rhi-laptop.ptf.echoes-tech.com', 'ID20', '[prop@40311 ver=1 probe=6585][res1@40311 offset=2 1-1-4-1-4-1="NjE0MjY="]', NULL, '2012-09-08 23:56:32', '2012-09-08 23:56:32', 118, 6766, 2, 1, 6585);
INSERT INTO "T_SYSLOG_SLO" ("SLO_ID", version, "SLO_APP_NAME", "SLO_HOSTNAME", "SLO_MSG_ID", "SLO_SD", "SLO_DELETE", "SLO_RCPT_DATE", "SLO_SENT_DATE", "SLO_PRI", "SLO_PROC_ID", "SLO_STATE", "SLO_VERSION", "SLO_PRB_PRB_ID") VALUES (10377, 1, 'ea-probe', 'rhi-laptop.ptf.echoes-tech.com', 'ID21', '[prop@40311 ver=1 probe=6585][res1@40311 offset=2 1-1-4-1-5-1="NDU0MzUzMw=="]', NULL, '2012-09-08 23:56:32', '2012-09-08 23:56:32', 118, 6766, 2, 1, 6585);
INSERT INTO "T_SYSLOG_SLO" ("SLO_ID", version, "SLO_APP_NAME", "SLO_HOSTNAME", "SLO_MSG_ID", "SLO_SD", "SLO_DELETE", "SLO_RCPT_DATE", "SLO_SENT_DATE", "SLO_PRI", "SLO_PROC_ID", "SLO_STATE", "SLO_VERSION", "SLO_PRB_PRB_ID") VALUES (10378, 1, 'ea-probe', 'rhi-laptop.ptf.echoes-tech.com', 'ID22', '[prop@40311 ver=1 probe=6585][res1@40311 offset=2 1-1-4-1-1-1="Y3B1Mg=="]', NULL, '2012-09-08 23:56:32', '2012-09-08 23:56:32', 118, 6766, 2, 1, 6585);
INSERT INTO "T_SYSLOG_SLO" ("SLO_ID", version, "SLO_APP_NAME", "SLO_HOSTNAME", "SLO_MSG_ID", "SLO_SD", "SLO_DELETE", "SLO_RCPT_DATE", "SLO_SENT_DATE", "SLO_PRI", "SLO_PROC_ID", "SLO_STATE", "SLO_VERSION", "SLO_PRB_PRB_ID") VALUES (10379, 1, 'ea-probe', 'rhi-laptop.ptf.echoes-tech.com', 'ID23', '[prop@40311 ver=1 probe=6585][res1@40311 offset=2 1-1-4-1-2-1="MTM1OTYw"]', NULL, '2012-09-08 23:56:32', '2012-09-08 23:56:32', 118, 6766, 2, 1, 6585);
INSERT INTO "T_SYSLOG_SLO" ("SLO_ID", version, "SLO_APP_NAME", "SLO_HOSTNAME", "SLO_MSG_ID", "SLO_SD", "SLO_DELETE", "SLO_RCPT_DATE", "SLO_SENT_DATE", "SLO_PRI", "SLO_PROC_ID", "SLO_STATE", "SLO_VERSION", "SLO_PRB_PRB_ID") VALUES (10380, 1, 'ea-probe', 'rhi-laptop.ptf.echoes-tech.com', 'ID24', '[prop@40311 ver=1 probe=6585][res1@40311 offset=2 1-1-4-1-3-1="Mjk2MjA="]', NULL, '2012-09-08 23:56:32', '2012-09-08 23:56:32', 118, 6766, 2, 1, 6585);
INSERT INTO "T_SYSLOG_SLO" ("SLO_ID", version, "SLO_APP_NAME", "SLO_HOSTNAME", "SLO_MSG_ID", "SLO_SD", "SLO_DELETE", "SLO_RCPT_DATE", "SLO_SENT_DATE", "SLO_PRI", "SLO_PROC_ID", "SLO_STATE", "SLO_VERSION", "SLO_PRB_PRB_ID") VALUES (10381, 1, 'ea-probe', 'rhi-laptop.ptf.echoes-tech.com', 'ID25', '[prop@40311 ver=1 probe=6585][res1@40311 offset=2 1-1-4-1-4-1="MjYxNzU="]', NULL, '2012-09-08 23:56:32', '2012-09-08 23:56:32', 118, 6766, 2, 1, 6585);
INSERT INTO "T_SYSLOG_SLO" ("SLO_ID", version, "SLO_APP_NAME", "SLO_HOSTNAME", "SLO_MSG_ID", "SLO_SD", "SLO_DELETE", "SLO_RCPT_DATE", "SLO_SENT_DATE", "SLO_PRI", "SLO_PROC_ID", "SLO_STATE", "SLO_VERSION", "SLO_PRB_PRB_ID") VALUES (10382, 1, 'ea-probe', 'rhi-laptop.ptf.echoes-tech.com', 'ID26', '[prop@40311 ver=1 probe=6585][res1@40311 offset=2 1-1-4-1-5-1="NDgyNzIwNw=="]', NULL, '2012-09-08 23:56:32', '2012-09-08 23:56:32', 118, 6766, 2, 1, 6585);
INSERT INTO "T_SYSLOG_SLO" ("SLO_ID", version, "SLO_APP_NAME", "SLO_HOSTNAME", "SLO_MSG_ID", "SLO_SD", "SLO_DELETE", "SLO_RCPT_DATE", "SLO_SENT_DATE", "SLO_PRI", "SLO_PROC_ID", "SLO_STATE", "SLO_VERSION", "SLO_PRB_PRB_ID") VALUES (10383, 1, 'ea-probe', 'rhi-laptop.ptf.echoes-tech.com', 'ID27', '[prop@40311 ver=1 probe=6585][res1@40311 offset=2 1-1-1-4-1-4="MTU1ODcyNA=="]', NULL, '2012-09-08 23:56:32', '2012-09-08 23:56:32', 118, 6766, 2, 1, 6585);
INSERT INTO "T_SYSLOG_SLO" ("SLO_ID", version, "SLO_APP_NAME", "SLO_HOSTNAME", "SLO_MSG_ID", "SLO_SD", "SLO_DELETE", "SLO_RCPT_DATE", "SLO_SENT_DATE", "SLO_PRI", "SLO_PROC_ID", "SLO_STATE", "SLO_VERSION", "SLO_PRB_PRB_ID") VALUES (10384, 1, 'ea-probe', 'rhi-laptop.ptf.echoes-tech.com', 'ID28', '[prop@40311 ver=1 probe=6585][res1@40311 offset=2 1-1-4-1-1-1="Y3B1Mw=="]', NULL, '2012-09-08 23:56:32', '2012-09-08 23:56:32', 118, 6766, 2, 1, 6585);
INSERT INTO "T_SYSLOG_SLO" ("SLO_ID", version, "SLO_APP_NAME", "SLO_HOSTNAME", "SLO_MSG_ID", "SLO_SD", "SLO_DELETE", "SLO_RCPT_DATE", "SLO_SENT_DATE", "SLO_PRI", "SLO_PROC_ID", "SLO_STATE", "SLO_VERSION", "SLO_PRB_PRB_ID") VALUES (10385, 1, 'ea-probe', 'rhi-laptop.ptf.echoes-tech.com', 'ID29', '[prop@40311 ver=1 probe=6585][res1@40311 offset=2 1-1-4-1-2-1="MTMxOTQ1"]', NULL, '2012-09-08 23:56:32', '2012-09-08 23:56:32', 118, 6766, 2, 1, 6585);
INSERT INTO "T_SYSLOG_SLO" ("SLO_ID", version, "SLO_APP_NAME", "SLO_HOSTNAME", "SLO_MSG_ID", "SLO_SD", "SLO_DELETE", "SLO_RCPT_DATE", "SLO_SENT_DATE", "SLO_PRI", "SLO_PROC_ID", "SLO_STATE", "SLO_VERSION", "SLO_PRB_PRB_ID") VALUES (10387, 1, 'ea-probe', 'rhi-laptop.ptf.echoes-tech.com', 'ID31', '[prop@40311 ver=1 probe=6585][res1@40311 offset=2 1-1-4-1-4-1="MzEyODU="]', NULL, '2012-09-08 23:56:32', '2012-09-08 23:56:32', 118, 6766, 2, 1, 6585);
INSERT INTO "T_SYSLOG_SLO" ("SLO_ID", version, "SLO_APP_NAME", "SLO_HOSTNAME", "SLO_MSG_ID", "SLO_SD", "SLO_DELETE", "SLO_RCPT_DATE", "SLO_SENT_DATE", "SLO_PRI", "SLO_PROC_ID", "SLO_STATE", "SLO_VERSION", "SLO_PRB_PRB_ID") VALUES (10388, 1, 'ea-probe', 'rhi-laptop.ptf.echoes-tech.com', 'ID32', '[prop@40311 ver=1 probe=6585][res1@40311 offset=2 1-1-4-1-5-1="NDgzNTMxNg=="]', NULL, '2012-09-08 23:56:32', '2012-09-08 23:56:32', 118, 6766, 2, 1, 6585);
INSERT INTO "T_SYSLOG_SLO" ("SLO_ID", version, "SLO_APP_NAME", "SLO_HOSTNAME", "SLO_MSG_ID", "SLO_SD", "SLO_DELETE", "SLO_RCPT_DATE", "SLO_SENT_DATE", "SLO_PRI", "SLO_PROC_ID", "SLO_STATE", "SLO_VERSION", "SLO_PRB_PRB_ID") VALUES (10389, 1, 'ea-probe', 'rhi-laptop.ptf.echoes-tech.com', 'ID33', '[prop@40311 ver=1 probe=6585][res1@40311 offset=2 1-1-1-5-1-4="MA=="]', NULL, '2012-09-08 23:56:32', '2012-09-08 23:56:32', 118, 6766, 2, 1, 6585);
INSERT INTO "T_SYSLOG_SLO" ("SLO_ID", version, "SLO_APP_NAME", "SLO_HOSTNAME", "SLO_MSG_ID", "SLO_SD", "SLO_DELETE", "SLO_RCPT_DATE", "SLO_SENT_DATE", "SLO_PRI", "SLO_PROC_ID", "SLO_STATE", "SLO_VERSION", "SLO_PRB_PRB_ID") VALUES (10390, 1, 'ea-probe', 'rhi-laptop.ptf.echoes-tech.com', 'ID34', '[prop@40311 ver=1 probe=6585][res1@40311 offset=2 1-1-1-6-1-4="MA=="]', NULL, '2012-09-08 23:56:32', '2012-09-08 23:56:32', 118, 6766, 2, 1, 6585);
INSERT INTO "T_SYSLOG_SLO" ("SLO_ID", version, "SLO_APP_NAME", "SLO_HOSTNAME", "SLO_MSG_ID", "SLO_SD", "SLO_DELETE", "SLO_RCPT_DATE", "SLO_SENT_DATE", "SLO_PRI", "SLO_PROC_ID", "SLO_STATE", "SLO_VERSION", "SLO_PRB_PRB_ID") VALUES (10391, 1, 'ea-probe', 'rhi-laptop.ptf.echoes-tech.com', 'ID35', '[prop@40311 ver=1 probe=6585][res1@40311 offset=2 1-1-2-1-1-3="bG8="]', NULL, '2012-09-08 23:56:32', '2012-09-08 23:56:32', 118, 6766, 2, 1, 6585);
INSERT INTO "T_SYSLOG_SLO" ("SLO_ID", version, "SLO_APP_NAME", "SLO_HOSTNAME", "SLO_MSG_ID", "SLO_SD", "SLO_DELETE", "SLO_RCPT_DATE", "SLO_SENT_DATE", "SLO_PRI", "SLO_PROC_ID", "SLO_STATE", "SLO_VERSION", "SLO_PRB_PRB_ID") VALUES (10392, 1, 'ea-probe', 'rhi-laptop.ptf.echoes-tech.com', 'ID36', '[prop@40311 ver=1 probe=6585][res1@40311 offset=2 1-1-2-1-2-3="MzE2MTM1Mw=="]', NULL, '2012-09-08 23:56:32', '2012-09-08 23:56:32', 118, 6766, 2, 1, 6585);
INSERT INTO "T_SYSLOG_SLO" ("SLO_ID", version, "SLO_APP_NAME", "SLO_HOSTNAME", "SLO_MSG_ID", "SLO_SD", "SLO_DELETE", "SLO_RCPT_DATE", "SLO_SENT_DATE", "SLO_PRI", "SLO_PROC_ID", "SLO_STATE", "SLO_VERSION", "SLO_PRB_PRB_ID") VALUES (10393, 1, 'ea-probe', 'rhi-laptop.ptf.echoes-tech.com', 'ID37', '[prop@40311 ver=1 probe=6585][res1@40311 offset=2 1-1-2-1-3-3="MTA1MDc="]', NULL, '2012-09-08 23:56:32', '2012-09-08 23:56:32', 118, 6766, 2, 1, 6585);
INSERT INTO "T_SYSLOG_SLO" ("SLO_ID", version, "SLO_APP_NAME", "SLO_HOSTNAME", "SLO_MSG_ID", "SLO_SD", "SLO_DELETE", "SLO_RCPT_DATE", "SLO_SENT_DATE", "SLO_PRI", "SLO_PROC_ID", "SLO_STATE", "SLO_VERSION", "SLO_PRB_PRB_ID") VALUES (10394, 1, 'ea-probe', 'rhi-laptop.ptf.echoes-tech.com', 'ID38', '[prop@40311 ver=1 probe=6585][res1@40311 offset=2 1-1-2-1-4-3="MA=="]', NULL, '2012-09-08 23:56:32', '2012-09-08 23:56:32', 118, 6766, 2, 1, 6585);
INSERT INTO "T_SYSLOG_SLO" ("SLO_ID", version, "SLO_APP_NAME", "SLO_HOSTNAME", "SLO_MSG_ID", "SLO_SD", "SLO_DELETE", "SLO_RCPT_DATE", "SLO_SENT_DATE", "SLO_PRI", "SLO_PROC_ID", "SLO_STATE", "SLO_VERSION", "SLO_PRB_PRB_ID") VALUES (10395, 1, 'ea-probe', 'rhi-laptop.ptf.echoes-tech.com', 'ID39', '[prop@40311 ver=1 probe=6585][res1@40311 offset=2 1-1-2-1-5-3="MA=="]', NULL, '2012-09-08 23:56:32', '2012-09-08 23:56:32', 118, 6766, 2, 1, 6585);
INSERT INTO "T_SYSLOG_SLO" ("SLO_ID", version, "SLO_APP_NAME", "SLO_HOSTNAME", "SLO_MSG_ID", "SLO_SD", "SLO_DELETE", "SLO_RCPT_DATE", "SLO_SENT_DATE", "SLO_PRI", "SLO_PROC_ID", "SLO_STATE", "SLO_VERSION", "SLO_PRB_PRB_ID") VALUES (10396, 1, 'ea-probe', 'rhi-laptop.ptf.echoes-tech.com', 'ID40', '[prop@40311 ver=1 probe=6585][res1@40311 offset=2 1-1-2-1-6-3="MzE2MTM1Mw=="]', NULL, '2012-09-08 23:56:32', '2012-09-08 23:56:32', 118, 6766, 2, 1, 6585);
INSERT INTO "T_SYSLOG_SLO" ("SLO_ID", version, "SLO_APP_NAME", "SLO_HOSTNAME", "SLO_MSG_ID", "SLO_SD", "SLO_DELETE", "SLO_RCPT_DATE", "SLO_SENT_DATE", "SLO_PRI", "SLO_PROC_ID", "SLO_STATE", "SLO_VERSION", "SLO_PRB_PRB_ID") VALUES (10397, 1, 'ea-probe', 'rhi-laptop.ptf.echoes-tech.com', 'ID41', '[prop@40311 ver=1 probe=6585][res1@40311 offset=2 1-1-2-1-7-3="MTA1MDc="]', NULL, '2012-09-08 23:56:32', '2012-09-08 23:56:32', 118, 6766, 2, 1, 6585);
INSERT INTO "T_SYSLOG_SLO" ("SLO_ID", version, "SLO_APP_NAME", "SLO_HOSTNAME", "SLO_MSG_ID", "SLO_SD", "SLO_DELETE", "SLO_RCPT_DATE", "SLO_SENT_DATE", "SLO_PRI", "SLO_PROC_ID", "SLO_STATE", "SLO_VERSION", "SLO_PRB_PRB_ID") VALUES (10398, 1, 'ea-probe', 'rhi-laptop.ptf.echoes-tech.com', 'ID42', '[prop@40311 ver=1 probe=6585][res1@40311 offset=2 1-1-2-1-8-3="MA=="]', NULL, '2012-09-08 23:56:32', '2012-09-08 23:56:32', 118, 6766, 2, 1, 6585);
INSERT INTO "T_SYSLOG_SLO" ("SLO_ID", version, "SLO_APP_NAME", "SLO_HOSTNAME", "SLO_MSG_ID", "SLO_SD", "SLO_DELETE", "SLO_RCPT_DATE", "SLO_SENT_DATE", "SLO_PRI", "SLO_PROC_ID", "SLO_STATE", "SLO_VERSION", "SLO_PRB_PRB_ID") VALUES (10399, 1, 'ea-probe', 'rhi-laptop.ptf.echoes-tech.com', 'ID43', '[prop@40311 ver=1 probe=6585][res1@40311 offset=2 1-1-2-1-9-3="MA=="]', NULL, '2012-09-08 23:56:32', '2012-09-08 23:56:32', 118, 6766, 2, 1, 6585);
INSERT INTO "T_SYSLOG_SLO" ("SLO_ID", version, "SLO_APP_NAME", "SLO_HOSTNAME", "SLO_MSG_ID", "SLO_SD", "SLO_DELETE", "SLO_RCPT_DATE", "SLO_SENT_DATE", "SLO_PRI", "SLO_PROC_ID", "SLO_STATE", "SLO_VERSION", "SLO_PRB_PRB_ID") VALUES (10400, 1, 'ea-probe', 'rhi-laptop.ptf.echoes-tech.com', 'ID44', '[prop@40311 ver=1 probe=6585][res1@40311 offset=2 1-1-2-1-1-3="d2xhbjA="]', NULL, '2012-09-08 23:56:32', '2012-09-08 23:56:32', 118, 6766, 2, 1, 6585);
INSERT INTO "T_SYSLOG_SLO" ("SLO_ID", version, "SLO_APP_NAME", "SLO_HOSTNAME", "SLO_MSG_ID", "SLO_SD", "SLO_DELETE", "SLO_RCPT_DATE", "SLO_SENT_DATE", "SLO_PRI", "SLO_PROC_ID", "SLO_STATE", "SLO_VERSION", "SLO_PRB_PRB_ID") VALUES (10401, 1, 'ea-probe', 'rhi-laptop.ptf.echoes-tech.com', 'ID45', '[prop@40311 ver=1 probe=6585][res1@40311 offset=2 1-1-2-1-2-3="MA=="]', NULL, '2012-09-08 23:56:32', '2012-09-08 23:56:32', 118, 6766, 2, 1, 6585);
INSERT INTO "T_SYSLOG_SLO" ("SLO_ID", version, "SLO_APP_NAME", "SLO_HOSTNAME", "SLO_MSG_ID", "SLO_SD", "SLO_DELETE", "SLO_RCPT_DATE", "SLO_SENT_DATE", "SLO_PRI", "SLO_PROC_ID", "SLO_STATE", "SLO_VERSION", "SLO_PRB_PRB_ID") VALUES (10422, 0, 'ea-probe', 'rhi-laptop.ptf.echoes-tech.com', 'ID66', '[prop@40311 ver=1 probe=6585][res1@40311 offset=0 1-1-4-1-2-6="MTAxOTA4Ng=="]', NULL, '2012-09-08 23:56:40', '2012-09-08 23:56:40', 118, 6766, 0, NULL, NULL);
INSERT INTO "T_SYSLOG_SLO" ("SLO_ID", version, "SLO_APP_NAME", "SLO_HOSTNAME", "SLO_MSG_ID", "SLO_SD", "SLO_DELETE", "SLO_RCPT_DATE", "SLO_SENT_DATE", "SLO_PRI", "SLO_PROC_ID", "SLO_STATE", "SLO_VERSION", "SLO_PRB_PRB_ID") VALUES (10423, 0, 'ea-probe', 'rhi-laptop.ptf.echoes-tech.com', 'ID67', '[prop@40311 ver=1 probe=6585][res1@40311 offset=0 1-1-4-1-3-6="NzU3NDE="]', NULL, '2012-09-08 23:56:40', '2012-09-08 23:56:40', 118, 6766, 0, NULL, NULL);
INSERT INTO "T_SYSLOG_SLO" ("SLO_ID", version, "SLO_APP_NAME", "SLO_HOSTNAME", "SLO_MSG_ID", "SLO_SD", "SLO_DELETE", "SLO_RCPT_DATE", "SLO_SENT_DATE", "SLO_PRI", "SLO_PROC_ID", "SLO_STATE", "SLO_VERSION", "SLO_PRB_PRB_ID") VALUES (10424, 0, 'ea-probe', 'rhi-laptop.ptf.echoes-tech.com', 'ID68', '[prop@40311 ver=1 probe=6585][res1@40311 offset=0 1-1-4-1-4-6="MTk5ODk0"]', NULL, '2012-09-08 23:56:40', '2012-09-08 23:56:40', 118, 6766, 0, NULL, NULL);
INSERT INTO "T_SYSLOG_SLO" ("SLO_ID", version, "SLO_APP_NAME", "SLO_HOSTNAME", "SLO_MSG_ID", "SLO_SD", "SLO_DELETE", "SLO_RCPT_DATE", "SLO_SENT_DATE", "SLO_PRI", "SLO_PROC_ID", "SLO_STATE", "SLO_VERSION", "SLO_PRB_PRB_ID") VALUES (10425, 0, 'ea-probe', 'rhi-laptop.ptf.echoes-tech.com', 'ID69', '[prop@40311 ver=1 probe=6585][res1@40311 offset=0 1-1-4-1-5-6="MTg3MjA3NzU="]', NULL, '2012-09-08 23:56:40', '2012-09-08 23:56:40', 118, 6766, 0, NULL, NULL);
INSERT INTO "T_SYSLOG_SLO" ("SLO_ID", version, "SLO_APP_NAME", "SLO_HOSTNAME", "SLO_MSG_ID", "SLO_SD", "SLO_DELETE", "SLO_RCPT_DATE", "SLO_SENT_DATE", "SLO_PRI", "SLO_PROC_ID", "SLO_STATE", "SLO_VERSION", "SLO_PRB_PRB_ID") VALUES (10426, 0, 'ea-probe', 'rhi-laptop.ptf.echoes-tech.com', 'ID70', '[prop@40311 ver=1 probe=6585][res1@40311 offset=0 1-1-4-1-1-6="Y3B1MA=="]', NULL, '2012-09-08 23:56:40', '2012-09-08 23:56:40', 118, 6766, 0, NULL, NULL);
INSERT INTO "T_SYSLOG_SLO" ("SLO_ID", version, "SLO_APP_NAME", "SLO_HOSTNAME", "SLO_MSG_ID", "SLO_SD", "SLO_DELETE", "SLO_RCPT_DATE", "SLO_SENT_DATE", "SLO_PRI", "SLO_PROC_ID", "SLO_STATE", "SLO_VERSION", "SLO_PRB_PRB_ID") VALUES (10427, 0, 'ea-probe', 'rhi-laptop.ptf.echoes-tech.com', 'ID71', '[prop@40311 ver=1 probe=6585][res1@40311 offset=0 1-1-4-1-2-6="MzU3ODYy"]', NULL, '2012-09-08 23:56:40', '2012-09-08 23:56:40', 118, 6766, 0, NULL, NULL);
INSERT INTO "T_SYSLOG_SLO" ("SLO_ID", version, "SLO_APP_NAME", "SLO_HOSTNAME", "SLO_MSG_ID", "SLO_SD", "SLO_DELETE", "SLO_RCPT_DATE", "SLO_SENT_DATE", "SLO_PRI", "SLO_PROC_ID", "SLO_STATE", "SLO_VERSION", "SLO_PRB_PRB_ID") VALUES (10428, 0, 'ea-probe', 'rhi-laptop.ptf.echoes-tech.com', 'ID72', '[prop@40311 ver=1 probe=6585][res1@40311 offset=0 1-1-4-1-3-6="NzI1Mg=="]', NULL, '2012-09-08 23:56:40', '2012-09-08 23:56:40', 118, 6766, 0, NULL, NULL);
INSERT INTO "T_SYSLOG_SLO" ("SLO_ID", version, "SLO_APP_NAME", "SLO_HOSTNAME", "SLO_MSG_ID", "SLO_SD", "SLO_DELETE", "SLO_RCPT_DATE", "SLO_SENT_DATE", "SLO_PRI", "SLO_PROC_ID", "SLO_STATE", "SLO_VERSION", "SLO_PRB_PRB_ID") VALUES (10429, 0, 'ea-probe', 'rhi-laptop.ptf.echoes-tech.com', 'ID73', '[prop@40311 ver=1 probe=6585][res1@40311 offset=0 1-1-4-1-4-6="ODA5NjU="]', NULL, '2012-09-08 23:56:40', '2012-09-08 23:56:40', 118, 6766, 0, NULL, NULL);
INSERT INTO "T_SYSLOG_SLO" ("SLO_ID", version, "SLO_APP_NAME", "SLO_HOSTNAME", "SLO_MSG_ID", "SLO_SD", "SLO_DELETE", "SLO_RCPT_DATE", "SLO_SENT_DATE", "SLO_PRI", "SLO_PROC_ID", "SLO_STATE", "SLO_VERSION", "SLO_PRB_PRB_ID") VALUES (10430, 0, 'ea-probe', 'rhi-laptop.ptf.echoes-tech.com', 'ID74', '[prop@40311 ver=1 probe=6585][res1@40311 offset=0 1-1-4-1-5-6="NDUxMTg2MQ=="]', NULL, '2012-09-08 23:56:40', '2012-09-08 23:56:40', 118, 6766, 0, NULL, NULL);
INSERT INTO "T_SYSLOG_SLO" ("SLO_ID", version, "SLO_APP_NAME", "SLO_HOSTNAME", "SLO_MSG_ID", "SLO_SD", "SLO_DELETE", "SLO_RCPT_DATE", "SLO_SENT_DATE", "SLO_PRI", "SLO_PROC_ID", "SLO_STATE", "SLO_VERSION", "SLO_PRB_PRB_ID") VALUES (10431, 0, 'ea-probe', 'rhi-laptop.ptf.echoes-tech.com', 'ID75', '[prop@40311 ver=1 probe=6585][res1@40311 offset=0 1-1-4-1-1-6="Y3B1MQ=="]', NULL, '2012-09-08 23:56:40', '2012-09-08 23:56:40', 118, 6766, 0, NULL, NULL);
INSERT INTO "T_SYSLOG_SLO" ("SLO_ID", version, "SLO_APP_NAME", "SLO_HOSTNAME", "SLO_MSG_ID", "SLO_SD", "SLO_DELETE", "SLO_RCPT_DATE", "SLO_SENT_DATE", "SLO_PRI", "SLO_PROC_ID", "SLO_STATE", "SLO_VERSION", "SLO_PRB_PRB_ID") VALUES (10432, 0, 'ea-probe', 'rhi-laptop.ptf.echoes-tech.com', 'ID76', '[prop@40311 ver=1 probe=6585][res1@40311 offset=0 1-1-4-1-2-6="MzkzMjU2"]', NULL, '2012-09-08 23:56:40', '2012-09-08 23:56:40', 118, 6766, 0, NULL, NULL);
INSERT INTO "T_SYSLOG_SLO" ("SLO_ID", version, "SLO_APP_NAME", "SLO_HOSTNAME", "SLO_MSG_ID", "SLO_SD", "SLO_DELETE", "SLO_RCPT_DATE", "SLO_SENT_DATE", "SLO_PRI", "SLO_PROC_ID", "SLO_STATE", "SLO_VERSION", "SLO_PRB_PRB_ID") VALUES (10433, 0, 'ea-probe', 'rhi-laptop.ptf.echoes-tech.com', 'ID77', '[prop@40311 ver=1 probe=6585][res1@40311 offset=0 1-1-4-1-3-6="MTczNTk="]', NULL, '2012-09-08 23:56:40', '2012-09-08 23:56:40', 118, 6766, 0, NULL, NULL);
INSERT INTO "T_SYSLOG_SLO" ("SLO_ID", version, "SLO_APP_NAME", "SLO_HOSTNAME", "SLO_MSG_ID", "SLO_SD", "SLO_DELETE", "SLO_RCPT_DATE", "SLO_SENT_DATE", "SLO_PRI", "SLO_PROC_ID", "SLO_STATE", "SLO_VERSION", "SLO_PRB_PRB_ID") VALUES (10434, 0, 'ea-probe', 'rhi-laptop.ptf.echoes-tech.com', 'ID78', '[prop@40311 ver=1 probe=6585][res1@40311 offset=0 1-1-4-1-4-6="NjE0NDk="]', NULL, '2012-09-08 23:56:40', '2012-09-08 23:56:40', 118, 6766, 0, NULL, NULL);
INSERT INTO "T_SYSLOG_SLO" ("SLO_ID", version, "SLO_APP_NAME", "SLO_HOSTNAME", "SLO_MSG_ID", "SLO_SD", "SLO_DELETE", "SLO_RCPT_DATE", "SLO_SENT_DATE", "SLO_PRI", "SLO_PROC_ID", "SLO_STATE", "SLO_VERSION", "SLO_PRB_PRB_ID") VALUES (10435, 0, 'ea-probe', 'rhi-laptop.ptf.echoes-tech.com', 'ID79', '[prop@40311 ver=1 probe=6585][res1@40311 offset=0 1-1-4-1-5-6="NDU0NDQ0OQ=="]', NULL, '2012-09-08 23:56:40', '2012-09-08 23:56:40', 118, 6766, 0, NULL, NULL);
INSERT INTO "T_SYSLOG_SLO" ("SLO_ID", version, "SLO_APP_NAME", "SLO_HOSTNAME", "SLO_MSG_ID", "SLO_SD", "SLO_DELETE", "SLO_RCPT_DATE", "SLO_SENT_DATE", "SLO_PRI", "SLO_PROC_ID", "SLO_STATE", "SLO_VERSION", "SLO_PRB_PRB_ID") VALUES (10436, 0, 'ea-probe', 'rhi-laptop.ptf.echoes-tech.com', 'ID80', '[prop@40311 ver=1 probe=6585][res1@40311 offset=0 1-1-4-1-1-6="Y3B1Mg=="]', NULL, '2012-09-08 23:56:40', '2012-09-08 23:56:40', 118, 6766, 0, NULL, NULL);
INSERT INTO "T_SYSLOG_SLO" ("SLO_ID", version, "SLO_APP_NAME", "SLO_HOSTNAME", "SLO_MSG_ID", "SLO_SD", "SLO_DELETE", "SLO_RCPT_DATE", "SLO_SENT_DATE", "SLO_PRI", "SLO_PROC_ID", "SLO_STATE", "SLO_VERSION", "SLO_PRB_PRB_ID") VALUES (10437, 0, 'ea-probe', 'rhi-laptop.ptf.echoes-tech.com', 'ID81', '[prop@40311 ver=1 probe=6585][res1@40311 offset=0 1-1-4-1-2-6="MTM1OTkw"]', NULL, '2012-09-08 23:56:40', '2012-09-08 23:56:40', 118, 6766, 0, NULL, NULL);
INSERT INTO "T_SYSLOG_SLO" ("SLO_ID", version, "SLO_APP_NAME", "SLO_HOSTNAME", "SLO_MSG_ID", "SLO_SD", "SLO_DELETE", "SLO_RCPT_DATE", "SLO_SENT_DATE", "SLO_PRI", "SLO_PROC_ID", "SLO_STATE", "SLO_VERSION", "SLO_PRB_PRB_ID") VALUES (10438, 0, 'ea-probe', 'rhi-laptop.ptf.echoes-tech.com', 'ID82', '[prop@40311 ver=1 probe=6585][res1@40311 offset=0 1-1-4-1-3-6="Mjk2MjA="]', NULL, '2012-09-08 23:56:40', '2012-09-08 23:56:40', 118, 6766, 0, NULL, NULL);
INSERT INTO "T_SYSLOG_SLO" ("SLO_ID", version, "SLO_APP_NAME", "SLO_HOSTNAME", "SLO_MSG_ID", "SLO_SD", "SLO_DELETE", "SLO_RCPT_DATE", "SLO_SENT_DATE", "SLO_PRI", "SLO_PROC_ID", "SLO_STATE", "SLO_VERSION", "SLO_PRB_PRB_ID") VALUES (10439, 0, 'ea-probe', 'rhi-laptop.ptf.echoes-tech.com', 'ID83', '[prop@40311 ver=1 probe=6585][res1@40311 offset=0 1-1-4-1-4-6="MjYxODA="]', NULL, '2012-09-08 23:56:40', '2012-09-08 23:56:40', 118, 6766, 0, NULL, NULL);
INSERT INTO "T_SYSLOG_SLO" ("SLO_ID", version, "SLO_APP_NAME", "SLO_HOSTNAME", "SLO_MSG_ID", "SLO_SD", "SLO_DELETE", "SLO_RCPT_DATE", "SLO_SENT_DATE", "SLO_PRI", "SLO_PROC_ID", "SLO_STATE", "SLO_VERSION", "SLO_PRB_PRB_ID") VALUES (10440, 0, 'ea-probe', 'rhi-laptop.ptf.echoes-tech.com', 'ID84', '[prop@40311 ver=1 probe=6585][res1@40311 offset=0 1-1-4-1-5-6="NDgyODE4NA=="]', NULL, '2012-09-08 23:56:40', '2012-09-08 23:56:40', 118, 6766, 0, NULL, NULL);
INSERT INTO "T_SYSLOG_SLO" ("SLO_ID", version, "SLO_APP_NAME", "SLO_HOSTNAME", "SLO_MSG_ID", "SLO_SD", "SLO_DELETE", "SLO_RCPT_DATE", "SLO_SENT_DATE", "SLO_PRI", "SLO_PROC_ID", "SLO_STATE", "SLO_VERSION", "SLO_PRB_PRB_ID") VALUES (10441, 0, 'ea-probe', 'rhi-laptop.ptf.echoes-tech.com', 'ID85', '[prop@40311 ver=1 probe=6585][res1@40311 offset=0 1-1-4-1-1-6="Y3B1Mw=="]', NULL, '2012-09-08 23:56:40', '2012-09-08 23:56:40', 118, 6766, 0, NULL, NULL);
INSERT INTO "T_SYSLOG_SLO" ("SLO_ID", version, "SLO_APP_NAME", "SLO_HOSTNAME", "SLO_MSG_ID", "SLO_SD", "SLO_DELETE", "SLO_RCPT_DATE", "SLO_SENT_DATE", "SLO_PRI", "SLO_PROC_ID", "SLO_STATE", "SLO_VERSION", "SLO_PRB_PRB_ID") VALUES (10442, 0, 'ea-probe', 'rhi-laptop.ptf.echoes-tech.com', 'ID86', '[prop@40311 ver=1 probe=6585][res1@40311 offset=0 1-1-4-1-2-6="MTMxOTc3"]', NULL, '2012-09-08 23:56:40', '2012-09-08 23:56:40', 118, 6766, 0, NULL, NULL);
INSERT INTO "T_SYSLOG_SLO" ("SLO_ID", version, "SLO_APP_NAME", "SLO_HOSTNAME", "SLO_MSG_ID", "SLO_SD", "SLO_DELETE", "SLO_RCPT_DATE", "SLO_SENT_DATE", "SLO_PRI", "SLO_PROC_ID", "SLO_STATE", "SLO_VERSION", "SLO_PRB_PRB_ID") VALUES (10406, 1, 'ea-probe', 'rhi-laptop.ptf.echoes-tech.com', 'ID50', '[prop@40311 ver=1 probe=6585][res1@40311 offset=2 1-1-2-1-7-3="MA=="]', NULL, '2012-09-08 23:56:32', '2012-09-08 23:56:32', 118, 6766, 2, 1, 6585);
INSERT INTO "T_SYSLOG_SLO" ("SLO_ID", version, "SLO_APP_NAME", "SLO_HOSTNAME", "SLO_MSG_ID", "SLO_SD", "SLO_DELETE", "SLO_RCPT_DATE", "SLO_SENT_DATE", "SLO_PRI", "SLO_PROC_ID", "SLO_STATE", "SLO_VERSION", "SLO_PRB_PRB_ID") VALUES (10407, 1, 'ea-probe', 'rhi-laptop.ptf.echoes-tech.com', 'ID51', '[prop@40311 ver=1 probe=6585][res1@40311 offset=2 1-1-2-1-8-3="MA=="]', NULL, '2012-09-08 23:56:32', '2012-09-08 23:56:32', 118, 6766, 2, 1, 6585);
INSERT INTO "T_SYSLOG_SLO" ("SLO_ID", version, "SLO_APP_NAME", "SLO_HOSTNAME", "SLO_MSG_ID", "SLO_SD", "SLO_DELETE", "SLO_RCPT_DATE", "SLO_SENT_DATE", "SLO_PRI", "SLO_PROC_ID", "SLO_STATE", "SLO_VERSION", "SLO_PRB_PRB_ID") VALUES (10408, 1, 'ea-probe', 'rhi-laptop.ptf.echoes-tech.com', 'ID52', '[prop@40311 ver=1 probe=6585][res1@40311 offset=2 1-1-2-1-9-3="MA=="]', NULL, '2012-09-08 23:56:32', '2012-09-08 23:56:32', 118, 6766, 2, 1, 6585);
INSERT INTO "T_SYSLOG_SLO" ("SLO_ID", version, "SLO_APP_NAME", "SLO_HOSTNAME", "SLO_MSG_ID", "SLO_SD", "SLO_DELETE", "SLO_RCPT_DATE", "SLO_SENT_DATE", "SLO_PRI", "SLO_PROC_ID", "SLO_STATE", "SLO_VERSION", "SLO_PRB_PRB_ID") VALUES (10410, 1, 'ea-probe', 'rhi-laptop.ptf.echoes-tech.com', 'ID54', '[prop@40311 ver=1 probe=6585][res1@40311 offset=2 1-1-2-1-2-3="ODg4NTY4MTI3"]', NULL, '2012-09-08 23:56:32', '2012-09-08 23:56:32', 118, 6766, 2, 1, 6585);
INSERT INTO "T_SYSLOG_SLO" ("SLO_ID", version, "SLO_APP_NAME", "SLO_HOSTNAME", "SLO_MSG_ID", "SLO_SD", "SLO_DELETE", "SLO_RCPT_DATE", "SLO_SENT_DATE", "SLO_PRI", "SLO_PROC_ID", "SLO_STATE", "SLO_VERSION", "SLO_PRB_PRB_ID") VALUES (10411, 1, 'ea-probe', 'rhi-laptop.ptf.echoes-tech.com', 'ID55', '[prop@40311 ver=1 probe=6585][res1@40311 offset=2 1-1-2-1-3-3="MTIzNDIwNQ=="]', NULL, '2012-09-08 23:56:32', '2012-09-08 23:56:32', 118, 6766, 2, 1, 6585);
INSERT INTO "T_SYSLOG_SLO" ("SLO_ID", version, "SLO_APP_NAME", "SLO_HOSTNAME", "SLO_MSG_ID", "SLO_SD", "SLO_DELETE", "SLO_RCPT_DATE", "SLO_SENT_DATE", "SLO_PRI", "SLO_PROC_ID", "SLO_STATE", "SLO_VERSION", "SLO_PRB_PRB_ID") VALUES (10412, 1, 'ea-probe', 'rhi-laptop.ptf.echoes-tech.com', 'ID56', '[prop@40311 ver=1 probe=6585][res1@40311 offset=2 1-1-2-1-4-3="MA=="]', NULL, '2012-09-08 23:56:32', '2012-09-08 23:56:32', 118, 6766, 2, 1, 6585);
INSERT INTO "T_SYSLOG_SLO" ("SLO_ID", version, "SLO_APP_NAME", "SLO_HOSTNAME", "SLO_MSG_ID", "SLO_SD", "SLO_DELETE", "SLO_RCPT_DATE", "SLO_SENT_DATE", "SLO_PRI", "SLO_PROC_ID", "SLO_STATE", "SLO_VERSION", "SLO_PRB_PRB_ID") VALUES (10413, 1, 'ea-probe', 'rhi-laptop.ptf.echoes-tech.com', 'ID57', '[prop@40311 ver=1 probe=6585][res1@40311 offset=2 1-1-2-1-5-3="MA=="]', NULL, '2012-09-08 23:56:32', '2012-09-08 23:56:32', 118, 6766, 2, 1, 6585);
INSERT INTO "T_SYSLOG_SLO" ("SLO_ID", version, "SLO_APP_NAME", "SLO_HOSTNAME", "SLO_MSG_ID", "SLO_SD", "SLO_DELETE", "SLO_RCPT_DATE", "SLO_SENT_DATE", "SLO_PRI", "SLO_PROC_ID", "SLO_STATE", "SLO_VERSION", "SLO_PRB_PRB_ID") VALUES (10414, 1, 'ea-probe', 'rhi-laptop.ptf.echoes-tech.com', 'ID58', '[prop@40311 ver=1 probe=6585][res1@40311 offset=2 1-1-2-1-6-3="OTM0OTQ5ODYz"]', NULL, '2012-09-08 23:56:32', '2012-09-08 23:56:32', 118, 6766, 2, 1, 6585);
INSERT INTO "T_SYSLOG_SLO" ("SLO_ID", version, "SLO_APP_NAME", "SLO_HOSTNAME", "SLO_MSG_ID", "SLO_SD", "SLO_DELETE", "SLO_RCPT_DATE", "SLO_SENT_DATE", "SLO_PRI", "SLO_PROC_ID", "SLO_STATE", "SLO_VERSION", "SLO_PRB_PRB_ID") VALUES (10415, 1, 'ea-probe', 'rhi-laptop.ptf.echoes-tech.com', 'ID59', '[prop@40311 ver=1 probe=6585][res1@40311 offset=2 1-1-2-1-7-3="MTQ5MjM4MQ=="]', NULL, '2012-09-08 23:56:32', '2012-09-08 23:56:32', 118, 6766, 2, 1, 6585);
INSERT INTO "T_SYSLOG_SLO" ("SLO_ID", version, "SLO_APP_NAME", "SLO_HOSTNAME", "SLO_MSG_ID", "SLO_SD", "SLO_DELETE", "SLO_RCPT_DATE", "SLO_SENT_DATE", "SLO_PRI", "SLO_PROC_ID", "SLO_STATE", "SLO_VERSION", "SLO_PRB_PRB_ID") VALUES (10416, 1, 'ea-probe', 'rhi-laptop.ptf.echoes-tech.com', 'ID60', '[prop@40311 ver=1 probe=6585][res1@40311 offset=2 1-1-2-1-8-3="MA=="]', NULL, '2012-09-08 23:56:32', '2012-09-08 23:56:32', 118, 6766, 2, 1, 6585);
INSERT INTO "T_SYSLOG_SLO" ("SLO_ID", version, "SLO_APP_NAME", "SLO_HOSTNAME", "SLO_MSG_ID", "SLO_SD", "SLO_DELETE", "SLO_RCPT_DATE", "SLO_SENT_DATE", "SLO_PRI", "SLO_PROC_ID", "SLO_STATE", "SLO_VERSION", "SLO_PRB_PRB_ID") VALUES (10417, 1, 'ea-probe', 'rhi-laptop.ptf.echoes-tech.com', 'ID61', '[prop@40311 ver=1 probe=6585][res1@40311 offset=2 1-1-2-1-9-3="MA=="]', NULL, '2012-09-08 23:56:32', '2012-09-08 23:56:32', 118, 6766, 2, 1, 6585);
INSERT INTO "T_SYSLOG_SLO" ("SLO_ID", version, "SLO_APP_NAME", "SLO_HOSTNAME", "SLO_MSG_ID", "SLO_SD", "SLO_DELETE", "SLO_RCPT_DATE", "SLO_SENT_DATE", "SLO_PRI", "SLO_PROC_ID", "SLO_STATE", "SLO_VERSION", "SLO_PRB_PRB_ID") VALUES (10418, 1, 'ea-probe', 'rhi-laptop.ptf.echoes-tech.com', 'ID62', '[prop@40311 ver=1 probe=6585][res1@40311 offset=0 1-1-3-1-1-5="MC45Nw=="]', NULL, '2012-09-08 23:56:40', '2012-09-08 23:56:40', 118, 6766, 2, 1, 6585);
INSERT INTO "T_SYSLOG_SLO" ("SLO_ID", version, "SLO_APP_NAME", "SLO_HOSTNAME", "SLO_MSG_ID", "SLO_SD", "SLO_DELETE", "SLO_RCPT_DATE", "SLO_SENT_DATE", "SLO_PRI", "SLO_PROC_ID", "SLO_STATE", "SLO_VERSION", "SLO_PRB_PRB_ID") VALUES (10419, 1, 'ea-probe', 'rhi-laptop.ptf.echoes-tech.com', 'ID63', '[prop@40311 ver=1 probe=6585][res1@40311 offset=0 1-1-3-1-2-5="MC45Ng=="]', NULL, '2012-09-08 23:56:40', '2012-09-08 23:56:40', 118, 6766, 2, 1, 6585);
INSERT INTO "T_SYSLOG_SLO" ("SLO_ID", version, "SLO_APP_NAME", "SLO_HOSTNAME", "SLO_MSG_ID", "SLO_SD", "SLO_DELETE", "SLO_RCPT_DATE", "SLO_SENT_DATE", "SLO_PRI", "SLO_PROC_ID", "SLO_STATE", "SLO_VERSION", "SLO_PRB_PRB_ID") VALUES (10420, 1, 'ea-probe', 'rhi-laptop.ptf.echoes-tech.com', 'ID64', '[prop@40311 ver=1 probe=6585][res1@40311 offset=0 1-1-3-1-3-5="MC45MQ=="]', NULL, '2012-09-08 23:56:40', '2012-09-08 23:56:40', 118, 6766, 2, 1, 6585);
INSERT INTO "T_SYSLOG_SLO" ("SLO_ID", version, "SLO_APP_NAME", "SLO_HOSTNAME", "SLO_MSG_ID", "SLO_SD", "SLO_DELETE", "SLO_RCPT_DATE", "SLO_SENT_DATE", "SLO_PRI", "SLO_PROC_ID", "SLO_STATE", "SLO_VERSION", "SLO_PRB_PRB_ID") VALUES (10421, 1, 'ea-probe', 'rhi-laptop.ptf.echoes-tech.com', 'ID65', '[prop@40311 ver=1 probe=6585][res1@40311 offset=0 1-1-4-1-1-6="Y3B1"]', NULL, '2012-09-08 23:56:40', '2012-09-08 23:56:40', 118, 6766, 2, 1, 6585);
INSERT INTO "T_SYSLOG_SLO" ("SLO_ID", version, "SLO_APP_NAME", "SLO_HOSTNAME", "SLO_MSG_ID", "SLO_SD", "SLO_DELETE", "SLO_RCPT_DATE", "SLO_SENT_DATE", "SLO_PRI", "SLO_PROC_ID", "SLO_STATE", "SLO_VERSION", "SLO_PRB_PRB_ID") VALUES (10443, 0, 'ea-probe', 'rhi-laptop.ptf.echoes-tech.com', 'ID87', '[prop@40311 ver=1 probe=6585][res1@40311 offset=0 1-1-4-1-3-6="MjE1MDk="]', NULL, '2012-09-08 23:56:40', '2012-09-08 23:56:40', 118, 6766, 0, NULL, NULL);
INSERT INTO "T_SYSLOG_SLO" ("SLO_ID", version, "SLO_APP_NAME", "SLO_HOSTNAME", "SLO_MSG_ID", "SLO_SD", "SLO_DELETE", "SLO_RCPT_DATE", "SLO_SENT_DATE", "SLO_PRI", "SLO_PROC_ID", "SLO_STATE", "SLO_VERSION", "SLO_PRB_PRB_ID") VALUES (10444, 0, 'ea-probe', 'rhi-laptop.ptf.echoes-tech.com', 'ID88', '[prop@40311 ver=1 probe=6585][res1@40311 offset=0 1-1-4-1-4-6="MzEyOTk="]', NULL, '2012-09-08 23:56:40', '2012-09-08 23:56:40', 118, 6766, 0, NULL, NULL);
INSERT INTO "T_SYSLOG_SLO" ("SLO_ID", version, "SLO_APP_NAME", "SLO_HOSTNAME", "SLO_MSG_ID", "SLO_SD", "SLO_DELETE", "SLO_RCPT_DATE", "SLO_SENT_DATE", "SLO_PRI", "SLO_PROC_ID", "SLO_STATE", "SLO_VERSION", "SLO_PRB_PRB_ID") VALUES (10445, 0, 'ea-probe', 'rhi-laptop.ptf.echoes-tech.com', 'ID89', '[prop@40311 ver=1 probe=6585][res1@40311 offset=0 1-1-4-1-5-6="NDgzNjI4MA=="]', NULL, '2012-09-08 23:56:40', '2012-09-08 23:56:40', 118, 6766, 0, NULL, NULL);
INSERT INTO "T_SYSLOG_SLO" ("SLO_ID", version, "SLO_APP_NAME", "SLO_HOSTNAME", "SLO_MSG_ID", "SLO_SD", "SLO_DELETE", "SLO_RCPT_DATE", "SLO_SENT_DATE", "SLO_PRI", "SLO_PROC_ID", "SLO_STATE", "SLO_VERSION", "SLO_PRB_PRB_ID") VALUES (10446, 0, 'ea-probe', 'rhi-laptop.ptf.echoes-tech.com', 'ID90', '[prop@40311 ver=1 probe=6585][res1@40311 offset=0 1-1-1-1-1-7="NTk5MTI4OA=="]', NULL, '2012-09-08 23:56:40', '2012-09-08 23:56:40', 118, 6766, 0, NULL, NULL);
INSERT INTO "T_SYSLOG_SLO" ("SLO_ID", version, "SLO_APP_NAME", "SLO_HOSTNAME", "SLO_MSG_ID", "SLO_SD", "SLO_DELETE", "SLO_RCPT_DATE", "SLO_SENT_DATE", "SLO_PRI", "SLO_PROC_ID", "SLO_STATE", "SLO_VERSION", "SLO_PRB_PRB_ID") VALUES (10447, 0, 'ea-probe', 'rhi-laptop.ptf.echoes-tech.com', 'ID91', '[prop@40311 ver=1 probe=6585][res1@40311 offset=0 1-1-1-2-1-7="MjY1MDgzMg=="]', NULL, '2012-09-08 23:56:40', '2012-09-08 23:56:40', 118, 6766, 0, NULL, NULL);
INSERT INTO "T_SYSLOG_SLO" ("SLO_ID", version, "SLO_APP_NAME", "SLO_HOSTNAME", "SLO_MSG_ID", "SLO_SD", "SLO_DELETE", "SLO_RCPT_DATE", "SLO_SENT_DATE", "SLO_PRI", "SLO_PROC_ID", "SLO_STATE", "SLO_VERSION", "SLO_PRB_PRB_ID") VALUES (10448, 0, 'ea-probe', 'rhi-laptop.ptf.echoes-tech.com', 'ID92', '[prop@40311 ver=1 probe=6585][res1@40311 offset=0 1-1-1-3-1-7="NzI1NTI="]', NULL, '2012-09-08 23:56:40', '2012-09-08 23:56:40', 118, 6766, 0, NULL, NULL);
INSERT INTO "T_SYSLOG_SLO" ("SLO_ID", version, "SLO_APP_NAME", "SLO_HOSTNAME", "SLO_MSG_ID", "SLO_SD", "SLO_DELETE", "SLO_RCPT_DATE", "SLO_SENT_DATE", "SLO_PRI", "SLO_PROC_ID", "SLO_STATE", "SLO_VERSION", "SLO_PRB_PRB_ID") VALUES (10449, 0, 'ea-probe', 'rhi-laptop.ptf.echoes-tech.com', 'ID93', '[prop@40311 ver=1 probe=6585][res1@40311 offset=0 1-1-1-4-1-7="MTU1OTAwMA=="]', NULL, '2012-09-08 23:56:40', '2012-09-08 23:56:40', 118, 6766, 0, NULL, NULL);
INSERT INTO "T_SYSLOG_SLO" ("SLO_ID", version, "SLO_APP_NAME", "SLO_HOSTNAME", "SLO_MSG_ID", "SLO_SD", "SLO_DELETE", "SLO_RCPT_DATE", "SLO_SENT_DATE", "SLO_PRI", "SLO_PROC_ID", "SLO_STATE", "SLO_VERSION", "SLO_PRB_PRB_ID") VALUES (10450, 0, 'ea-probe', 'rhi-laptop.ptf.echoes-tech.com', 'ID94', '[prop@40311 ver=1 probe=6585][res1@40311 offset=0 1-1-1-5-1-7="MA=="]', NULL, '2012-09-08 23:56:40', '2012-09-08 23:56:40', 118, 6766, 0, NULL, NULL);
INSERT INTO "T_SYSLOG_SLO" ("SLO_ID", version, "SLO_APP_NAME", "SLO_HOSTNAME", "SLO_MSG_ID", "SLO_SD", "SLO_DELETE", "SLO_RCPT_DATE", "SLO_SENT_DATE", "SLO_PRI", "SLO_PROC_ID", "SLO_STATE", "SLO_VERSION", "SLO_PRB_PRB_ID") VALUES (10451, 0, 'ea-probe', 'rhi-laptop.ptf.echoes-tech.com', 'ID95', '[prop@40311 ver=1 probe=6585][res1@40311 offset=0 1-1-1-6-1-7="MA=="]', NULL, '2012-09-08 23:56:40', '2012-09-08 23:56:40', 118, 6766, 0, NULL, NULL);
INSERT INTO "T_SYSLOG_SLO" ("SLO_ID", version, "SLO_APP_NAME", "SLO_HOSTNAME", "SLO_MSG_ID", "SLO_SD", "SLO_DELETE", "SLO_RCPT_DATE", "SLO_SENT_DATE", "SLO_PRI", "SLO_PROC_ID", "SLO_STATE", "SLO_VERSION", "SLO_PRB_PRB_ID") VALUES (10452, 0, 'ea-probe', 'rhi-laptop.ptf.echoes-tech.com', 'ID96', '[prop@40311 ver=1 probe=6585][res1@40311 offset=0 1-1-2-1-1-8="bG8="]', NULL, '2012-09-08 23:56:40', '2012-09-08 23:56:40', 118, 6766, 0, NULL, NULL);
INSERT INTO "T_SYSLOG_SLO" ("SLO_ID", version, "SLO_APP_NAME", "SLO_HOSTNAME", "SLO_MSG_ID", "SLO_SD", "SLO_DELETE", "SLO_RCPT_DATE", "SLO_SENT_DATE", "SLO_PRI", "SLO_PROC_ID", "SLO_STATE", "SLO_VERSION", "SLO_PRB_PRB_ID") VALUES (10453, 0, 'ea-probe', 'rhi-laptop.ptf.echoes-tech.com', 'ID97', '[prop@40311 ver=1 probe=6585][res1@40311 offset=0 1-1-2-1-2-8="MzE2MTM1Mw=="]', NULL, '2012-09-08 23:56:40', '2012-09-08 23:56:40', 118, 6766, 0, NULL, NULL);
INSERT INTO "T_SYSLOG_SLO" ("SLO_ID", version, "SLO_APP_NAME", "SLO_HOSTNAME", "SLO_MSG_ID", "SLO_SD", "SLO_DELETE", "SLO_RCPT_DATE", "SLO_SENT_DATE", "SLO_PRI", "SLO_PROC_ID", "SLO_STATE", "SLO_VERSION", "SLO_PRB_PRB_ID") VALUES (10454, 0, 'ea-probe', 'rhi-laptop.ptf.echoes-tech.com', 'ID98', '[prop@40311 ver=1 probe=6585][res1@40311 offset=0 1-1-2-1-3-8="MTA1MDc="]', NULL, '2012-09-08 23:56:40', '2012-09-08 23:56:40', 118, 6766, 0, NULL, NULL);
INSERT INTO "T_SYSLOG_SLO" ("SLO_ID", version, "SLO_APP_NAME", "SLO_HOSTNAME", "SLO_MSG_ID", "SLO_SD", "SLO_DELETE", "SLO_RCPT_DATE", "SLO_SENT_DATE", "SLO_PRI", "SLO_PROC_ID", "SLO_STATE", "SLO_VERSION", "SLO_PRB_PRB_ID") VALUES (10455, 0, 'ea-probe', 'rhi-laptop.ptf.echoes-tech.com', 'ID99', '[prop@40311 ver=1 probe=6585][res1@40311 offset=0 1-1-2-1-4-8="MA=="]', NULL, '2012-09-08 23:56:40', '2012-09-08 23:56:40', 118, 6766, 0, NULL, NULL);
INSERT INTO "T_SYSLOG_SLO" ("SLO_ID", version, "SLO_APP_NAME", "SLO_HOSTNAME", "SLO_MSG_ID", "SLO_SD", "SLO_DELETE", "SLO_RCPT_DATE", "SLO_SENT_DATE", "SLO_PRI", "SLO_PROC_ID", "SLO_STATE", "SLO_VERSION", "SLO_PRB_PRB_ID") VALUES (10456, 0, 'ea-probe', 'rhi-laptop.ptf.echoes-tech.com', 'ID100', '[prop@40311 ver=1 probe=6585][res1@40311 offset=0 1-1-2-1-5-8="MA=="]', NULL, '2012-09-08 23:56:40', '2012-09-08 23:56:40', 118, 6766, 0, NULL, NULL);
INSERT INTO "T_SYSLOG_SLO" ("SLO_ID", version, "SLO_APP_NAME", "SLO_HOSTNAME", "SLO_MSG_ID", "SLO_SD", "SLO_DELETE", "SLO_RCPT_DATE", "SLO_SENT_DATE", "SLO_PRI", "SLO_PROC_ID", "SLO_STATE", "SLO_VERSION", "SLO_PRB_PRB_ID") VALUES (10457, 0, 'ea-probe', 'rhi-laptop.ptf.echoes-tech.com', 'ID101', '[prop@40311 ver=1 probe=6585][res1@40311 offset=0 1-1-2-1-6-8="MzE2MTM1Mw=="]', NULL, '2012-09-08 23:56:40', '2012-09-08 23:56:40', 118, 6766, 0, NULL, NULL);
INSERT INTO "T_SYSLOG_SLO" ("SLO_ID", version, "SLO_APP_NAME", "SLO_HOSTNAME", "SLO_MSG_ID", "SLO_SD", "SLO_DELETE", "SLO_RCPT_DATE", "SLO_SENT_DATE", "SLO_PRI", "SLO_PROC_ID", "SLO_STATE", "SLO_VERSION", "SLO_PRB_PRB_ID") VALUES (10458, 0, 'ea-probe', 'rhi-laptop.ptf.echoes-tech.com', 'ID102', '[prop@40311 ver=1 probe=6585][res1@40311 offset=0 1-1-2-1-7-8="MTA1MDc="]', NULL, '2012-09-08 23:56:40', '2012-09-08 23:56:40', 118, 6766, 0, NULL, NULL);
INSERT INTO "T_SYSLOG_SLO" ("SLO_ID", version, "SLO_APP_NAME", "SLO_HOSTNAME", "SLO_MSG_ID", "SLO_SD", "SLO_DELETE", "SLO_RCPT_DATE", "SLO_SENT_DATE", "SLO_PRI", "SLO_PROC_ID", "SLO_STATE", "SLO_VERSION", "SLO_PRB_PRB_ID") VALUES (10459, 0, 'ea-probe', 'rhi-laptop.ptf.echoes-tech.com', 'ID103', '[prop@40311 ver=1 probe=6585][res1@40311 offset=0 1-1-2-1-8-8="MA=="]', NULL, '2012-09-08 23:56:40', '2012-09-08 23:56:40', 118, 6766, 0, NULL, NULL);
INSERT INTO "T_SYSLOG_SLO" ("SLO_ID", version, "SLO_APP_NAME", "SLO_HOSTNAME", "SLO_MSG_ID", "SLO_SD", "SLO_DELETE", "SLO_RCPT_DATE", "SLO_SENT_DATE", "SLO_PRI", "SLO_PROC_ID", "SLO_STATE", "SLO_VERSION", "SLO_PRB_PRB_ID") VALUES (10460, 0, 'ea-probe', 'rhi-laptop.ptf.echoes-tech.com', 'ID104', '[prop@40311 ver=1 probe=6585][res1@40311 offset=0 1-1-2-1-9-8="MA=="]', NULL, '2012-09-08 23:56:40', '2012-09-08 23:56:40', 118, 6766, 0, NULL, NULL);
INSERT INTO "T_SYSLOG_SLO" ("SLO_ID", version, "SLO_APP_NAME", "SLO_HOSTNAME", "SLO_MSG_ID", "SLO_SD", "SLO_DELETE", "SLO_RCPT_DATE", "SLO_SENT_DATE", "SLO_PRI", "SLO_PROC_ID", "SLO_STATE", "SLO_VERSION", "SLO_PRB_PRB_ID") VALUES (10461, 0, 'ea-probe', 'rhi-laptop.ptf.echoes-tech.com', 'ID105', '[prop@40311 ver=1 probe=6585][res1@40311 offset=0 1-1-2-1-1-8="d2xhbjA="]', NULL, '2012-09-08 23:56:40', '2012-09-08 23:56:40', 118, 6766, 0, NULL, NULL);
INSERT INTO "T_SYSLOG_SLO" ("SLO_ID", version, "SLO_APP_NAME", "SLO_HOSTNAME", "SLO_MSG_ID", "SLO_SD", "SLO_DELETE", "SLO_RCPT_DATE", "SLO_SENT_DATE", "SLO_PRI", "SLO_PROC_ID", "SLO_STATE", "SLO_VERSION", "SLO_PRB_PRB_ID") VALUES (10462, 0, 'ea-probe', 'rhi-laptop.ptf.echoes-tech.com', 'ID106', '[prop@40311 ver=1 probe=6585][res1@40311 offset=0 1-1-2-1-2-8="MA=="]', NULL, '2012-09-08 23:56:40', '2012-09-08 23:56:40', 118, 6766, 0, NULL, NULL);
INSERT INTO "T_SYSLOG_SLO" ("SLO_ID", version, "SLO_APP_NAME", "SLO_HOSTNAME", "SLO_MSG_ID", "SLO_SD", "SLO_DELETE", "SLO_RCPT_DATE", "SLO_SENT_DATE", "SLO_PRI", "SLO_PROC_ID", "SLO_STATE", "SLO_VERSION", "SLO_PRB_PRB_ID") VALUES (10463, 0, 'ea-probe', 'rhi-laptop.ptf.echoes-tech.com', 'ID107', '[prop@40311 ver=1 probe=6585][res1@40311 offset=0 1-1-2-1-3-8="MA=="]', NULL, '2012-09-08 23:56:40', '2012-09-08 23:56:40', 118, 6766, 0, NULL, NULL);
INSERT INTO "T_SYSLOG_SLO" ("SLO_ID", version, "SLO_APP_NAME", "SLO_HOSTNAME", "SLO_MSG_ID", "SLO_SD", "SLO_DELETE", "SLO_RCPT_DATE", "SLO_SENT_DATE", "SLO_PRI", "SLO_PROC_ID", "SLO_STATE", "SLO_VERSION", "SLO_PRB_PRB_ID") VALUES (10464, 0, 'ea-probe', 'rhi-laptop.ptf.echoes-tech.com', 'ID108', '[prop@40311 ver=1 probe=6585][res1@40311 offset=0 1-1-2-1-4-8="MA=="]', NULL, '2012-09-08 23:56:40', '2012-09-08 23:56:40', 118, 6766, 0, NULL, NULL);
INSERT INTO "T_SYSLOG_SLO" ("SLO_ID", version, "SLO_APP_NAME", "SLO_HOSTNAME", "SLO_MSG_ID", "SLO_SD", "SLO_DELETE", "SLO_RCPT_DATE", "SLO_SENT_DATE", "SLO_PRI", "SLO_PROC_ID", "SLO_STATE", "SLO_VERSION", "SLO_PRB_PRB_ID") VALUES (10465, 0, 'ea-probe', 'rhi-laptop.ptf.echoes-tech.com', 'ID109', '[prop@40311 ver=1 probe=6585][res1@40311 offset=0 1-1-2-1-5-8="MA=="]', NULL, '2012-09-08 23:56:40', '2012-09-08 23:56:40', 118, 6766, 0, NULL, NULL);
INSERT INTO "T_SYSLOG_SLO" ("SLO_ID", version, "SLO_APP_NAME", "SLO_HOSTNAME", "SLO_MSG_ID", "SLO_SD", "SLO_DELETE", "SLO_RCPT_DATE", "SLO_SENT_DATE", "SLO_PRI", "SLO_PROC_ID", "SLO_STATE", "SLO_VERSION", "SLO_PRB_PRB_ID") VALUES (10466, 0, 'ea-probe', 'rhi-laptop.ptf.echoes-tech.com', 'ID110', '[prop@40311 ver=1 probe=6585][res1@40311 offset=0 1-1-2-1-6-8="MA=="]', NULL, '2012-09-08 23:56:40', '2012-09-08 23:56:40', 118, 6766, 0, NULL, NULL);
INSERT INTO "T_SYSLOG_SLO" ("SLO_ID", version, "SLO_APP_NAME", "SLO_HOSTNAME", "SLO_MSG_ID", "SLO_SD", "SLO_DELETE", "SLO_RCPT_DATE", "SLO_SENT_DATE", "SLO_PRI", "SLO_PROC_ID", "SLO_STATE", "SLO_VERSION", "SLO_PRB_PRB_ID") VALUES (10467, 0, 'ea-probe', 'rhi-laptop.ptf.echoes-tech.com', 'ID111', '[prop@40311 ver=1 probe=6585][res1@40311 offset=0 1-1-2-1-7-8="MA=="]', NULL, '2012-09-08 23:56:40', '2012-09-08 23:56:40', 118, 6766, 0, NULL, NULL);
INSERT INTO "T_SYSLOG_SLO" ("SLO_ID", version, "SLO_APP_NAME", "SLO_HOSTNAME", "SLO_MSG_ID", "SLO_SD", "SLO_DELETE", "SLO_RCPT_DATE", "SLO_SENT_DATE", "SLO_PRI", "SLO_PROC_ID", "SLO_STATE", "SLO_VERSION", "SLO_PRB_PRB_ID") VALUES (10468, 0, 'ea-probe', 'rhi-laptop.ptf.echoes-tech.com', 'ID112', '[prop@40311 ver=1 probe=6585][res1@40311 offset=0 1-1-2-1-8-8="MA=="]', NULL, '2012-09-08 23:56:40', '2012-09-08 23:56:40', 118, 6766, 0, NULL, NULL);
INSERT INTO "T_SYSLOG_SLO" ("SLO_ID", version, "SLO_APP_NAME", "SLO_HOSTNAME", "SLO_MSG_ID", "SLO_SD", "SLO_DELETE", "SLO_RCPT_DATE", "SLO_SENT_DATE", "SLO_PRI", "SLO_PROC_ID", "SLO_STATE", "SLO_VERSION", "SLO_PRB_PRB_ID") VALUES (10469, 0, 'ea-probe', 'rhi-laptop.ptf.echoes-tech.com', 'ID113', '[prop@40311 ver=1 probe=6585][res1@40311 offset=0 1-1-2-1-9-8="MA=="]', NULL, '2012-09-08 23:56:40', '2012-09-08 23:56:40', 118, 6766, 0, NULL, NULL);
INSERT INTO "T_SYSLOG_SLO" ("SLO_ID", version, "SLO_APP_NAME", "SLO_HOSTNAME", "SLO_MSG_ID", "SLO_SD", "SLO_DELETE", "SLO_RCPT_DATE", "SLO_SENT_DATE", "SLO_PRI", "SLO_PROC_ID", "SLO_STATE", "SLO_VERSION", "SLO_PRB_PRB_ID") VALUES (10470, 0, 'ea-probe', 'rhi-laptop.ptf.echoes-tech.com', 'ID114', '[prop@40311 ver=1 probe=6585][res1@40311 offset=0 1-1-2-1-1-8="ZXRoMA=="]', NULL, '2012-09-08 23:56:40', '2012-09-08 23:56:40', 118, 6766, 0, NULL, NULL);
INSERT INTO "T_SYSLOG_SLO" ("SLO_ID", version, "SLO_APP_NAME", "SLO_HOSTNAME", "SLO_MSG_ID", "SLO_SD", "SLO_DELETE", "SLO_RCPT_DATE", "SLO_SENT_DATE", "SLO_PRI", "SLO_PROC_ID", "SLO_STATE", "SLO_VERSION", "SLO_PRB_PRB_ID") VALUES (10471, 0, 'ea-probe', 'rhi-laptop.ptf.echoes-tech.com', 'ID115', '[prop@40311 ver=1 probe=6585][res1@40311 offset=1 1-1-2-1-2-8="ODg4NTgxNDk1"]', NULL, '2012-09-08 23:56:41', '2012-09-08 23:56:41', 118, 6766, 0, NULL, NULL);
INSERT INTO "T_SYSLOG_SLO" ("SLO_ID", version, "SLO_APP_NAME", "SLO_HOSTNAME", "SLO_MSG_ID", "SLO_SD", "SLO_DELETE", "SLO_RCPT_DATE", "SLO_SENT_DATE", "SLO_PRI", "SLO_PROC_ID", "SLO_STATE", "SLO_VERSION", "SLO_PRB_PRB_ID") VALUES (10472, 0, 'ea-probe', 'rhi-laptop.ptf.echoes-tech.com', 'ID116', '[prop@40311 ver=1 probe=6585][res1@40311 offset=1 1-1-2-1-3-8="MTIzNDM4OQ=="]', NULL, '2012-09-08 23:56:41', '2012-09-08 23:56:41', 118, 6766, 0, NULL, NULL);
INSERT INTO "T_SYSLOG_SLO" ("SLO_ID", version, "SLO_APP_NAME", "SLO_HOSTNAME", "SLO_MSG_ID", "SLO_SD", "SLO_DELETE", "SLO_RCPT_DATE", "SLO_SENT_DATE", "SLO_PRI", "SLO_PROC_ID", "SLO_STATE", "SLO_VERSION", "SLO_PRB_PRB_ID") VALUES (10473, 0, 'ea-probe', 'rhi-laptop.ptf.echoes-tech.com', 'ID117', '[prop@40311 ver=1 probe=6585][res1@40311 offset=1 1-1-2-1-4-8="MA=="]', NULL, '2012-09-08 23:56:41', '2012-09-08 23:56:41', 118, 6766, 0, NULL, NULL);
INSERT INTO "T_SYSLOG_SLO" ("SLO_ID", version, "SLO_APP_NAME", "SLO_HOSTNAME", "SLO_MSG_ID", "SLO_SD", "SLO_DELETE", "SLO_RCPT_DATE", "SLO_SENT_DATE", "SLO_PRI", "SLO_PROC_ID", "SLO_STATE", "SLO_VERSION", "SLO_PRB_PRB_ID") VALUES (10474, 0, 'ea-probe', 'rhi-laptop.ptf.echoes-tech.com', 'ID118', '[prop@40311 ver=1 probe=6585][res1@40311 offset=1 1-1-2-1-5-8="MA=="]', NULL, '2012-09-08 23:56:41', '2012-09-08 23:56:41', 118, 6766, 0, NULL, NULL);
INSERT INTO "T_SYSLOG_SLO" ("SLO_ID", version, "SLO_APP_NAME", "SLO_HOSTNAME", "SLO_MSG_ID", "SLO_SD", "SLO_DELETE", "SLO_RCPT_DATE", "SLO_SENT_DATE", "SLO_PRI", "SLO_PROC_ID", "SLO_STATE", "SLO_VERSION", "SLO_PRB_PRB_ID") VALUES (10475, 0, 'ea-probe', 'rhi-laptop.ptf.echoes-tech.com', 'ID119', '[prop@40311 ver=1 probe=6585][res1@40311 offset=1 1-1-2-1-6-8="OTM0OTc5ODMx"]', NULL, '2012-09-08 23:56:41', '2012-09-08 23:56:41', 118, 6766, 0, NULL, NULL);
INSERT INTO "T_SYSLOG_SLO" ("SLO_ID", version, "SLO_APP_NAME", "SLO_HOSTNAME", "SLO_MSG_ID", "SLO_SD", "SLO_DELETE", "SLO_RCPT_DATE", "SLO_SENT_DATE", "SLO_PRI", "SLO_PROC_ID", "SLO_STATE", "SLO_VERSION", "SLO_PRB_PRB_ID") VALUES (10476, 0, 'ea-probe', 'rhi-laptop.ptf.echoes-tech.com', 'ID120', '[prop@40311 ver=1 probe=6585][res1@40311 offset=1 1-1-2-1-7-8="MTQ5MjY4Nw=="]', NULL, '2012-09-08 23:56:41', '2012-09-08 23:56:41', 118, 6766, 0, NULL, NULL);
INSERT INTO "T_SYSLOG_SLO" ("SLO_ID", version, "SLO_APP_NAME", "SLO_HOSTNAME", "SLO_MSG_ID", "SLO_SD", "SLO_DELETE", "SLO_RCPT_DATE", "SLO_SENT_DATE", "SLO_PRI", "SLO_PROC_ID", "SLO_STATE", "SLO_VERSION", "SLO_PRB_PRB_ID") VALUES (10477, 0, 'ea-probe', 'rhi-laptop.ptf.echoes-tech.com', 'ID121', '[prop@40311 ver=1 probe=6585][res1@40311 offset=1 1-1-2-1-8-8="MA=="]', NULL, '2012-09-08 23:56:41', '2012-09-08 23:56:41', 118, 6766, 0, NULL, NULL);
INSERT INTO "T_SYSLOG_SLO" ("SLO_ID", version, "SLO_APP_NAME", "SLO_HOSTNAME", "SLO_MSG_ID", "SLO_SD", "SLO_DELETE", "SLO_RCPT_DATE", "SLO_SENT_DATE", "SLO_PRI", "SLO_PROC_ID", "SLO_STATE", "SLO_VERSION", "SLO_PRB_PRB_ID") VALUES (10478, 0, 'ea-probe', 'rhi-laptop.ptf.echoes-tech.com', 'ID122', '[prop@40311 ver=1 probe=6585][res1@40311 offset=1 1-1-2-1-9-8="MA=="]', NULL, '2012-09-08 23:56:41', '2012-09-08 23:56:41', 118, 6766, 0, NULL, NULL);
INSERT INTO "T_SYSLOG_SLO" ("SLO_ID", version, "SLO_APP_NAME", "SLO_HOSTNAME", "SLO_MSG_ID", "SLO_SD", "SLO_DELETE", "SLO_RCPT_DATE", "SLO_SENT_DATE", "SLO_PRI", "SLO_PROC_ID", "SLO_STATE", "SLO_VERSION", "SLO_PRB_PRB_ID") VALUES (10361, 1, 'ea-probe', 'rhi-laptop.ptf.echoes-tech.com', 'ID5', '[prop@40311 ver=1 probe=6585][res1@40311 offset=2 1-1-1-2-1-4="MjY1NDI3Ng=="]', NULL, '2012-09-08 23:56:32', '2012-09-08 23:56:32', 118, 6766, 2, 1, 6585);
INSERT INTO "T_SYSLOG_SLO" ("SLO_ID", version, "SLO_APP_NAME", "SLO_HOSTNAME", "SLO_MSG_ID", "SLO_SD", "SLO_DELETE", "SLO_RCPT_DATE", "SLO_SENT_DATE", "SLO_PRI", "SLO_PROC_ID", "SLO_STATE", "SLO_VERSION", "SLO_PRB_PRB_ID") VALUES (10362, 1, 'ea-probe', 'rhi-laptop.ptf.echoes-tech.com', 'ID6', '[prop@40311 ver=1 probe=6585][res1@40311 offset=2 1-1-1-3-1-4="NzI1NDg="]', NULL, '2012-09-08 23:56:32', '2012-09-08 23:56:32', 118, 6766, 2, 1, 6585);
INSERT INTO "T_SYSLOG_SLO" ("SLO_ID", version, "SLO_APP_NAME", "SLO_HOSTNAME", "SLO_MSG_ID", "SLO_SD", "SLO_DELETE", "SLO_RCPT_DATE", "SLO_SENT_DATE", "SLO_PRI", "SLO_PROC_ID", "SLO_STATE", "SLO_VERSION", "SLO_PRB_PRB_ID") VALUES (10363, 1, 'ea-probe', 'rhi-laptop.ptf.echoes-tech.com', 'ID7', '[prop@40311 ver=1 probe=6585][res1@40311 offset=2 1-1-4-1-1-1="Y3B1"]', NULL, '2012-09-08 23:56:32', '2012-09-08 23:56:32', 118, 6766, 2, 1, 6585);
INSERT INTO "T_SYSLOG_SLO" ("SLO_ID", version, "SLO_APP_NAME", "SLO_HOSTNAME", "SLO_MSG_ID", "SLO_SD", "SLO_DELETE", "SLO_RCPT_DATE", "SLO_SENT_DATE", "SLO_PRI", "SLO_PROC_ID", "SLO_STATE", "SLO_VERSION", "SLO_PRB_PRB_ID") VALUES (10364, 1, 'ea-probe', 'rhi-laptop.ptf.echoes-tech.com', 'ID8', '[prop@40311 ver=1 probe=6585][res1@40311 offset=2 1-1-4-1-2-1="MTAxODg1MQ=="]', NULL, '2012-09-08 23:56:32', '2012-09-08 23:56:32', 118, 6766, 2, 1, 6585);
INSERT INTO "T_SYSLOG_SLO" ("SLO_ID", version, "SLO_APP_NAME", "SLO_HOSTNAME", "SLO_MSG_ID", "SLO_SD", "SLO_DELETE", "SLO_RCPT_DATE", "SLO_SENT_DATE", "SLO_PRI", "SLO_PROC_ID", "SLO_STATE", "SLO_VERSION", "SLO_PRB_PRB_ID") VALUES (10367, 1, 'ea-probe', 'rhi-laptop.ptf.echoes-tech.com', 'ID11', '[prop@40311 ver=1 probe=6585][res1@40311 offset=2 1-1-4-1-5-1="MTg3MTcwNjA="]', NULL, '2012-09-08 23:56:32', '2012-09-08 23:56:32', 118, 6766, 2, 1, 6585);
INSERT INTO "T_SYSLOG_SLO" ("SLO_ID", version, "SLO_APP_NAME", "SLO_HOSTNAME", "SLO_MSG_ID", "SLO_SD", "SLO_DELETE", "SLO_RCPT_DATE", "SLO_SENT_DATE", "SLO_PRI", "SLO_PROC_ID", "SLO_STATE", "SLO_VERSION", "SLO_PRB_PRB_ID") VALUES (10386, 1, 'ea-probe', 'rhi-laptop.ptf.echoes-tech.com', 'ID30', '[prop@40311 ver=1 probe=6585][res1@40311 offset=2 1-1-4-1-3-1="MjE1MDk="]', NULL, '2012-09-08 23:56:32', '2012-09-08 23:56:32', 118, 6766, 2, 1, 6585);
INSERT INTO "T_SYSLOG_SLO" ("SLO_ID", version, "SLO_APP_NAME", "SLO_HOSTNAME", "SLO_MSG_ID", "SLO_SD", "SLO_DELETE", "SLO_RCPT_DATE", "SLO_SENT_DATE", "SLO_PRI", "SLO_PROC_ID", "SLO_STATE", "SLO_VERSION", "SLO_PRB_PRB_ID") VALUES (10402, 1, 'ea-probe', 'rhi-laptop.ptf.echoes-tech.com', 'ID46', '[prop@40311 ver=1 probe=6585][res1@40311 offset=2 1-1-2-1-3-3="MA=="]', NULL, '2012-09-08 23:56:32', '2012-09-08 23:56:32', 118, 6766, 2, 1, 6585);
INSERT INTO "T_SYSLOG_SLO" ("SLO_ID", version, "SLO_APP_NAME", "SLO_HOSTNAME", "SLO_MSG_ID", "SLO_SD", "SLO_DELETE", "SLO_RCPT_DATE", "SLO_SENT_DATE", "SLO_PRI", "SLO_PROC_ID", "SLO_STATE", "SLO_VERSION", "SLO_PRB_PRB_ID") VALUES (10403, 1, 'ea-probe', 'rhi-laptop.ptf.echoes-tech.com', 'ID47', '[prop@40311 ver=1 probe=6585][res1@40311 offset=2 1-1-2-1-4-3="MA=="]', NULL, '2012-09-08 23:56:32', '2012-09-08 23:56:32', 118, 6766, 2, 1, 6585);
INSERT INTO "T_SYSLOG_SLO" ("SLO_ID", version, "SLO_APP_NAME", "SLO_HOSTNAME", "SLO_MSG_ID", "SLO_SD", "SLO_DELETE", "SLO_RCPT_DATE", "SLO_SENT_DATE", "SLO_PRI", "SLO_PROC_ID", "SLO_STATE", "SLO_VERSION", "SLO_PRB_PRB_ID") VALUES (10404, 1, 'ea-probe', 'rhi-laptop.ptf.echoes-tech.com', 'ID48', '[prop@40311 ver=1 probe=6585][res1@40311 offset=2 1-1-2-1-5-3="MA=="]', NULL, '2012-09-08 23:56:32', '2012-09-08 23:56:32', 118, 6766, 2, 1, 6585);
INSERT INTO "T_SYSLOG_SLO" ("SLO_ID", version, "SLO_APP_NAME", "SLO_HOSTNAME", "SLO_MSG_ID", "SLO_SD", "SLO_DELETE", "SLO_RCPT_DATE", "SLO_SENT_DATE", "SLO_PRI", "SLO_PROC_ID", "SLO_STATE", "SLO_VERSION", "SLO_PRB_PRB_ID") VALUES (10405, 1, 'ea-probe', 'rhi-laptop.ptf.echoes-tech.com', 'ID49', '[prop@40311 ver=1 probe=6585][res1@40311 offset=2 1-1-2-1-6-3="MA=="]', NULL, '2012-09-08 23:56:32', '2012-09-08 23:56:32', 118, 6766, 2, 1, 6585);
INSERT INTO "T_SYSLOG_SLO" ("SLO_ID", version, "SLO_APP_NAME", "SLO_HOSTNAME", "SLO_MSG_ID", "SLO_SD", "SLO_DELETE", "SLO_RCPT_DATE", "SLO_SENT_DATE", "SLO_PRI", "SLO_PROC_ID", "SLO_STATE", "SLO_VERSION", "SLO_PRB_PRB_ID") VALUES (10409, 1, 'ea-probe', 'rhi-laptop.ptf.echoes-tech.com', 'ID53', '[prop@40311 ver=1 probe=6585][res1@40311 offset=2 1-1-2-1-1-3="ZXRoMA=="]', NULL, '2012-09-08 23:56:32', '2012-09-08 23:56:32', 118, 6766, 2, 1, 6585);


--
-- TOC entry 2394 (class 0 OID 36978)
-- Dependencies: 213 2382 2383 2361 2411
-- Data for Name: T_INFORMATION_HISTORICAL_VALUE_IHV; Type: TABLE DATA; Schema: public; Owner: echoes
--



--
-- TOC entry 2384 (class 0 OID 36811)
-- Dependencies: 197 2382 2383 2361 2411
-- Data for Name: T_INFORMATION_VALUE_IVA; Type: TABLE DATA; Schema: public; Owner: echoes
--

INSERT INTO "T_INFORMATION_VALUE_IVA" ("IVA_ID", version, "IVA_VALUE", "IVA_CREA_DATE", "IVA_DELETE", "IVA_LOT_NUM", "IVA_STATE", "IVA_AST_AST_ID", "IVA_SLO_SLO_ID", "SEA_ID", "SRC_ID", "PLG_ID_PLG_ID", "INF_VALUE_NUM") VALUES (1740, 0, '0.94', '2012-09-08 23:48:24', NULL, 3, 0, 1, 10296, 1, 3, 1, 1);
INSERT INTO "T_INFORMATION_VALUE_IVA" ("IVA_ID", version, "IVA_VALUE", "IVA_CREA_DATE", "IVA_DELETE", "IVA_LOT_NUM", "IVA_STATE", "IVA_AST_AST_ID", "IVA_SLO_SLO_ID", "SEA_ID", "SRC_ID", "PLG_ID_PLG_ID", "INF_VALUE_NUM") VALUES (1741, 0, '0.88', '2012-09-08 23:48:24', NULL, 3, 0, 1, 10297, 1, 3, 1, 2);
INSERT INTO "T_INFORMATION_VALUE_IVA" ("IVA_ID", version, "IVA_VALUE", "IVA_CREA_DATE", "IVA_DELETE", "IVA_LOT_NUM", "IVA_STATE", "IVA_AST_AST_ID", "IVA_SLO_SLO_ID", "SEA_ID", "SRC_ID", "PLG_ID_PLG_ID", "INF_VALUE_NUM") VALUES (1742, 0, '0.87', '2012-09-08 23:48:24', NULL, 3, 0, 1, 10298, 1, 3, 1, 3);
INSERT INTO "T_INFORMATION_VALUE_IVA" ("IVA_ID", version, "IVA_VALUE", "IVA_CREA_DATE", "IVA_DELETE", "IVA_LOT_NUM", "IVA_STATE", "IVA_AST_AST_ID", "IVA_SLO_SLO_ID", "SEA_ID", "SRC_ID", "PLG_ID_PLG_ID", "INF_VALUE_NUM") VALUES (1743, 0, '5991288', '2012-09-08 23:48:24', NULL, 1, 0, 1, 10299, 1, 1, 1, 1);
INSERT INTO "T_INFORMATION_VALUE_IVA" ("IVA_ID", version, "IVA_VALUE", "IVA_CREA_DATE", "IVA_DELETE", "IVA_LOT_NUM", "IVA_STATE", "IVA_AST_AST_ID", "IVA_SLO_SLO_ID", "SEA_ID", "SRC_ID", "PLG_ID_PLG_ID", "INF_VALUE_NUM") VALUES (1744, 0, '2640072', '2012-09-08 23:48:24', NULL, 1, 0, 1, 10300, 2, 1, 1, 1);
INSERT INTO "T_INFORMATION_VALUE_IVA" ("IVA_ID", version, "IVA_VALUE", "IVA_CREA_DATE", "IVA_DELETE", "IVA_LOT_NUM", "IVA_STATE", "IVA_AST_AST_ID", "IVA_SLO_SLO_ID", "SEA_ID", "SRC_ID", "PLG_ID_PLG_ID", "INF_VALUE_NUM") VALUES (1745, 0, '72164', '2012-09-08 23:48:24', NULL, 1, 0, 1, 10301, 3, 1, 1, 1);
INSERT INTO "T_INFORMATION_VALUE_IVA" ("IVA_ID", version, "IVA_VALUE", "IVA_CREA_DATE", "IVA_DELETE", "IVA_LOT_NUM", "IVA_STATE", "IVA_AST_AST_ID", "IVA_SLO_SLO_ID", "SEA_ID", "SRC_ID", "PLG_ID_PLG_ID", "INF_VALUE_NUM") VALUES (1746, 0, 'lo', '2012-09-08 23:48:24', NULL, 2, 0, 1, 10302, 1, 2, 1, 1);
INSERT INTO "T_INFORMATION_VALUE_IVA" ("IVA_ID", version, "IVA_VALUE", "IVA_CREA_DATE", "IVA_DELETE", "IVA_LOT_NUM", "IVA_STATE", "IVA_AST_AST_ID", "IVA_SLO_SLO_ID", "SEA_ID", "SRC_ID", "PLG_ID_PLG_ID", "INF_VALUE_NUM") VALUES (1747, 0, '3129701', '2012-09-08 23:48:24', NULL, 2, 0, 1, 10303, 1, 2, 1, 2);
INSERT INTO "T_INFORMATION_VALUE_IVA" ("IVA_ID", version, "IVA_VALUE", "IVA_CREA_DATE", "IVA_DELETE", "IVA_LOT_NUM", "IVA_STATE", "IVA_AST_AST_ID", "IVA_SLO_SLO_ID", "SEA_ID", "SRC_ID", "PLG_ID_PLG_ID", "INF_VALUE_NUM") VALUES (1748, 0, '10404', '2012-09-08 23:48:24', NULL, 2, 0, 1, 10304, 1, 2, 1, 3);
INSERT INTO "T_INFORMATION_VALUE_IVA" ("IVA_ID", version, "IVA_VALUE", "IVA_CREA_DATE", "IVA_DELETE", "IVA_LOT_NUM", "IVA_STATE", "IVA_AST_AST_ID", "IVA_SLO_SLO_ID", "SEA_ID", "SRC_ID", "PLG_ID_PLG_ID", "INF_VALUE_NUM") VALUES (1749, 0, '0', '2012-09-08 23:48:24', NULL, 2, 0, 1, 10305, 1, 2, 1, 4);
INSERT INTO "T_INFORMATION_VALUE_IVA" ("IVA_ID", version, "IVA_VALUE", "IVA_CREA_DATE", "IVA_DELETE", "IVA_LOT_NUM", "IVA_STATE", "IVA_AST_AST_ID", "IVA_SLO_SLO_ID", "SEA_ID", "SRC_ID", "PLG_ID_PLG_ID", "INF_VALUE_NUM") VALUES (1750, 0, '0', '2012-09-08 23:48:24', NULL, 2, 0, 1, 10306, 1, 2, 1, 5);
INSERT INTO "T_INFORMATION_VALUE_IVA" ("IVA_ID", version, "IVA_VALUE", "IVA_CREA_DATE", "IVA_DELETE", "IVA_LOT_NUM", "IVA_STATE", "IVA_AST_AST_ID", "IVA_SLO_SLO_ID", "SEA_ID", "SRC_ID", "PLG_ID_PLG_ID", "INF_VALUE_NUM") VALUES (1751, 0, '3129701', '2012-09-08 23:48:24', NULL, 2, 0, 1, 10307, 1, 2, 1, 6);
INSERT INTO "T_INFORMATION_VALUE_IVA" ("IVA_ID", version, "IVA_VALUE", "IVA_CREA_DATE", "IVA_DELETE", "IVA_LOT_NUM", "IVA_STATE", "IVA_AST_AST_ID", "IVA_SLO_SLO_ID", "SEA_ID", "SRC_ID", "PLG_ID_PLG_ID", "INF_VALUE_NUM") VALUES (1752, 0, '10404', '2012-09-08 23:48:24', NULL, 2, 0, 1, 10308, 1, 2, 1, 7);
INSERT INTO "T_INFORMATION_VALUE_IVA" ("IVA_ID", version, "IVA_VALUE", "IVA_CREA_DATE", "IVA_DELETE", "IVA_LOT_NUM", "IVA_STATE", "IVA_AST_AST_ID", "IVA_SLO_SLO_ID", "SEA_ID", "SRC_ID", "PLG_ID_PLG_ID", "INF_VALUE_NUM") VALUES (1753, 0, '0', '2012-09-08 23:48:24', NULL, 2, 0, 1, 10309, 1, 2, 1, 8);
INSERT INTO "T_INFORMATION_VALUE_IVA" ("IVA_ID", version, "IVA_VALUE", "IVA_CREA_DATE", "IVA_DELETE", "IVA_LOT_NUM", "IVA_STATE", "IVA_AST_AST_ID", "IVA_SLO_SLO_ID", "SEA_ID", "SRC_ID", "PLG_ID_PLG_ID", "INF_VALUE_NUM") VALUES (1754, 0, '0', '2012-09-08 23:48:24', NULL, 2, 0, 1, 10310, 1, 2, 1, 9);
INSERT INTO "T_INFORMATION_VALUE_IVA" ("IVA_ID", version, "IVA_VALUE", "IVA_CREA_DATE", "IVA_DELETE", "IVA_LOT_NUM", "IVA_STATE", "IVA_AST_AST_ID", "IVA_SLO_SLO_ID", "SEA_ID", "SRC_ID", "PLG_ID_PLG_ID", "INF_VALUE_NUM") VALUES (1755, 0, 'wlan0', '2012-09-08 23:48:24', NULL, 2, 0, 1, 10311, 1, 2, 1, 1);
INSERT INTO "T_INFORMATION_VALUE_IVA" ("IVA_ID", version, "IVA_VALUE", "IVA_CREA_DATE", "IVA_DELETE", "IVA_LOT_NUM", "IVA_STATE", "IVA_AST_AST_ID", "IVA_SLO_SLO_ID", "SEA_ID", "SRC_ID", "PLG_ID_PLG_ID", "INF_VALUE_NUM") VALUES (1756, 0, 'cpu', '2012-09-08 23:48:24', NULL, 4, 0, 1, 10312, 1, 4, 1, 1);
INSERT INTO "T_INFORMATION_VALUE_IVA" ("IVA_ID", version, "IVA_VALUE", "IVA_CREA_DATE", "IVA_DELETE", "IVA_LOT_NUM", "IVA_STATE", "IVA_AST_AST_ID", "IVA_SLO_SLO_ID", "SEA_ID", "SRC_ID", "PLG_ID_PLG_ID", "INF_VALUE_NUM") VALUES (1757, 0, '0', '2012-09-08 23:48:24', NULL, 2, 0, 1, 10313, 1, 2, 1, 2);
INSERT INTO "T_INFORMATION_VALUE_IVA" ("IVA_ID", version, "IVA_VALUE", "IVA_CREA_DATE", "IVA_DELETE", "IVA_LOT_NUM", "IVA_STATE", "IVA_AST_AST_ID", "IVA_SLO_SLO_ID", "SEA_ID", "SRC_ID", "PLG_ID_PLG_ID", "INF_VALUE_NUM") VALUES (1758, 0, '1009400', '2012-09-08 23:48:24', NULL, 4, 0, 1, 10314, 1, 4, 1, 2);
INSERT INTO "T_INFORMATION_VALUE_IVA" ("IVA_ID", version, "IVA_VALUE", "IVA_CREA_DATE", "IVA_DELETE", "IVA_LOT_NUM", "IVA_STATE", "IVA_AST_AST_ID", "IVA_SLO_SLO_ID", "SEA_ID", "SRC_ID", "PLG_ID_PLG_ID", "INF_VALUE_NUM") VALUES (1759, 0, '75741', '2012-09-08 23:48:24', NULL, 4, 0, 1, 10315, 1, 4, 1, 3);
INSERT INTO "T_INFORMATION_VALUE_IVA" ("IVA_ID", version, "IVA_VALUE", "IVA_CREA_DATE", "IVA_DELETE", "IVA_LOT_NUM", "IVA_STATE", "IVA_AST_AST_ID", "IVA_SLO_SLO_ID", "SEA_ID", "SRC_ID", "PLG_ID_PLG_ID", "INF_VALUE_NUM") VALUES (1760, 0, '0', '2012-09-08 23:48:24', NULL, 2, 0, 1, 10316, 1, 2, 1, 3);
INSERT INTO "T_INFORMATION_VALUE_IVA" ("IVA_ID", version, "IVA_VALUE", "IVA_CREA_DATE", "IVA_DELETE", "IVA_LOT_NUM", "IVA_STATE", "IVA_AST_AST_ID", "IVA_SLO_SLO_ID", "SEA_ID", "SRC_ID", "PLG_ID_PLG_ID", "INF_VALUE_NUM") VALUES (1761, 0, '0', '2012-09-08 23:48:24', NULL, 2, 0, 1, 10317, 1, 2, 1, 4);
INSERT INTO "T_INFORMATION_VALUE_IVA" ("IVA_ID", version, "IVA_VALUE", "IVA_CREA_DATE", "IVA_DELETE", "IVA_LOT_NUM", "IVA_STATE", "IVA_AST_AST_ID", "IVA_SLO_SLO_ID", "SEA_ID", "SRC_ID", "PLG_ID_PLG_ID", "INF_VALUE_NUM") VALUES (1762, 0, '0', '2012-09-08 23:48:24', NULL, 2, 0, 1, 10318, 1, 2, 1, 5);
INSERT INTO "T_INFORMATION_VALUE_IVA" ("IVA_ID", version, "IVA_VALUE", "IVA_CREA_DATE", "IVA_DELETE", "IVA_LOT_NUM", "IVA_STATE", "IVA_AST_AST_ID", "IVA_SLO_SLO_ID", "SEA_ID", "SRC_ID", "PLG_ID_PLG_ID", "INF_VALUE_NUM") VALUES (1763, 0, '0', '2012-09-08 23:48:24', NULL, 2, 0, 1, 10319, 1, 2, 1, 6);
INSERT INTO "T_INFORMATION_VALUE_IVA" ("IVA_ID", version, "IVA_VALUE", "IVA_CREA_DATE", "IVA_DELETE", "IVA_LOT_NUM", "IVA_STATE", "IVA_AST_AST_ID", "IVA_SLO_SLO_ID", "SEA_ID", "SRC_ID", "PLG_ID_PLG_ID", "INF_VALUE_NUM") VALUES (1764, 0, '197557', '2012-09-08 23:48:24', NULL, 4, 0, 1, 10320, 1, 4, 1, 4);
INSERT INTO "T_INFORMATION_VALUE_IVA" ("IVA_ID", version, "IVA_VALUE", "IVA_CREA_DATE", "IVA_DELETE", "IVA_LOT_NUM", "IVA_STATE", "IVA_AST_AST_ID", "IVA_SLO_SLO_ID", "SEA_ID", "SRC_ID", "PLG_ID_PLG_ID", "INF_VALUE_NUM") VALUES (1765, 0, '18533686', '2012-09-08 23:48:24', NULL, 4, 0, 1, 10321, 1, 4, 1, 5);
INSERT INTO "T_INFORMATION_VALUE_IVA" ("IVA_ID", version, "IVA_VALUE", "IVA_CREA_DATE", "IVA_DELETE", "IVA_LOT_NUM", "IVA_STATE", "IVA_AST_AST_ID", "IVA_SLO_SLO_ID", "SEA_ID", "SRC_ID", "PLG_ID_PLG_ID", "INF_VALUE_NUM") VALUES (1766, 0, '0', '2012-09-08 23:48:24', NULL, 2, 0, 1, 10322, 1, 2, 1, 7);
INSERT INTO "T_INFORMATION_VALUE_IVA" ("IVA_ID", version, "IVA_VALUE", "IVA_CREA_DATE", "IVA_DELETE", "IVA_LOT_NUM", "IVA_STATE", "IVA_AST_AST_ID", "IVA_SLO_SLO_ID", "SEA_ID", "SRC_ID", "PLG_ID_PLG_ID", "INF_VALUE_NUM") VALUES (1767, 0, '0', '2012-09-08 23:48:24', NULL, 2, 0, 1, 10323, 1, 2, 1, 8);
INSERT INTO "T_INFORMATION_VALUE_IVA" ("IVA_ID", version, "IVA_VALUE", "IVA_CREA_DATE", "IVA_DELETE", "IVA_LOT_NUM", "IVA_STATE", "IVA_AST_AST_ID", "IVA_SLO_SLO_ID", "SEA_ID", "SRC_ID", "PLG_ID_PLG_ID", "INF_VALUE_NUM") VALUES (1768, 0, '0', '2012-09-08 23:48:24', NULL, 2, 0, 1, 10324, 1, 2, 1, 9);
INSERT INTO "T_INFORMATION_VALUE_IVA" ("IVA_ID", version, "IVA_VALUE", "IVA_CREA_DATE", "IVA_DELETE", "IVA_LOT_NUM", "IVA_STATE", "IVA_AST_AST_ID", "IVA_SLO_SLO_ID", "SEA_ID", "SRC_ID", "PLG_ID_PLG_ID", "INF_VALUE_NUM") VALUES (1769, 0, '1556160', '2012-09-08 23:48:24', NULL, 1, 0, 1, 10325, 4, 1, 1, 1);
INSERT INTO "T_INFORMATION_VALUE_IVA" ("IVA_ID", version, "IVA_VALUE", "IVA_CREA_DATE", "IVA_DELETE", "IVA_LOT_NUM", "IVA_STATE", "IVA_AST_AST_ID", "IVA_SLO_SLO_ID", "SEA_ID", "SRC_ID", "PLG_ID_PLG_ID", "INF_VALUE_NUM") VALUES (1770, 0, 'cpu0', '2012-09-08 23:48:24', NULL, 4, 0, 1, 10326, 1, 4, 1, 1);
INSERT INTO "T_INFORMATION_VALUE_IVA" ("IVA_ID", version, "IVA_VALUE", "IVA_CREA_DATE", "IVA_DELETE", "IVA_LOT_NUM", "IVA_STATE", "IVA_AST_AST_ID", "IVA_SLO_SLO_ID", "SEA_ID", "SRC_ID", "PLG_ID_PLG_ID", "INF_VALUE_NUM") VALUES (1771, 0, '354410', '2012-09-08 23:48:24', NULL, 4, 0, 1, 10327, 1, 4, 1, 2);
INSERT INTO "T_INFORMATION_VALUE_IVA" ("IVA_ID", version, "IVA_VALUE", "IVA_CREA_DATE", "IVA_DELETE", "IVA_LOT_NUM", "IVA_STATE", "IVA_AST_AST_ID", "IVA_SLO_SLO_ID", "SEA_ID", "SRC_ID", "PLG_ID_PLG_ID", "INF_VALUE_NUM") VALUES (1772, 0, '7252', '2012-09-08 23:48:24', NULL, 4, 0, 1, 10328, 1, 4, 1, 3);
INSERT INTO "T_INFORMATION_VALUE_IVA" ("IVA_ID", version, "IVA_VALUE", "IVA_CREA_DATE", "IVA_DELETE", "IVA_LOT_NUM", "IVA_STATE", "IVA_AST_AST_ID", "IVA_SLO_SLO_ID", "SEA_ID", "SRC_ID", "PLG_ID_PLG_ID", "INF_VALUE_NUM") VALUES (1773, 0, '79708', '2012-09-08 23:48:24', NULL, 4, 0, 1, 10329, 1, 4, 1, 4);
INSERT INTO "T_INFORMATION_VALUE_IVA" ("IVA_ID", version, "IVA_VALUE", "IVA_CREA_DATE", "IVA_DELETE", "IVA_LOT_NUM", "IVA_STATE", "IVA_AST_AST_ID", "IVA_SLO_SLO_ID", "SEA_ID", "SRC_ID", "PLG_ID_PLG_ID", "INF_VALUE_NUM") VALUES (1774, 0, '4467295', '2012-09-08 23:48:24', NULL, 4, 0, 1, 10330, 1, 4, 1, 5);
INSERT INTO "T_INFORMATION_VALUE_IVA" ("IVA_ID", version, "IVA_VALUE", "IVA_CREA_DATE", "IVA_DELETE", "IVA_LOT_NUM", "IVA_STATE", "IVA_AST_AST_ID", "IVA_SLO_SLO_ID", "SEA_ID", "SRC_ID", "PLG_ID_PLG_ID", "INF_VALUE_NUM") VALUES (1775, 0, 'eth0', '2012-09-08 23:48:24', NULL, 2, 0, 1, 10331, 1, 2, 1, 1);
INSERT INTO "T_INFORMATION_VALUE_IVA" ("IVA_ID", version, "IVA_VALUE", "IVA_CREA_DATE", "IVA_DELETE", "IVA_LOT_NUM", "IVA_STATE", "IVA_AST_AST_ID", "IVA_SLO_SLO_ID", "SEA_ID", "SRC_ID", "PLG_ID_PLG_ID", "INF_VALUE_NUM") VALUES (1776, 0, '888049502', '2012-09-08 23:48:24', NULL, 2, 0, 1, 10332, 1, 2, 1, 2);
INSERT INTO "T_INFORMATION_VALUE_IVA" ("IVA_ID", version, "IVA_VALUE", "IVA_CREA_DATE", "IVA_DELETE", "IVA_LOT_NUM", "IVA_STATE", "IVA_AST_AST_ID", "IVA_SLO_SLO_ID", "SEA_ID", "SRC_ID", "PLG_ID_PLG_ID", "INF_VALUE_NUM") VALUES (1777, 0, '1232030', '2012-09-08 23:48:24', NULL, 2, 0, 1, 10333, 1, 2, 1, 3);
INSERT INTO "T_INFORMATION_VALUE_IVA" ("IVA_ID", version, "IVA_VALUE", "IVA_CREA_DATE", "IVA_DELETE", "IVA_LOT_NUM", "IVA_STATE", "IVA_AST_AST_ID", "IVA_SLO_SLO_ID", "SEA_ID", "SRC_ID", "PLG_ID_PLG_ID", "INF_VALUE_NUM") VALUES (1778, 0, '0', '2012-09-08 23:48:24', NULL, 2, 0, 1, 10334, 1, 2, 1, 4);
INSERT INTO "T_INFORMATION_VALUE_IVA" ("IVA_ID", version, "IVA_VALUE", "IVA_CREA_DATE", "IVA_DELETE", "IVA_LOT_NUM", "IVA_STATE", "IVA_AST_AST_ID", "IVA_SLO_SLO_ID", "SEA_ID", "SRC_ID", "PLG_ID_PLG_ID", "INF_VALUE_NUM") VALUES (1779, 0, '0', '2012-09-08 23:48:24', NULL, 2, 0, 1, 10335, 1, 2, 1, 5);
INSERT INTO "T_INFORMATION_VALUE_IVA" ("IVA_ID", version, "IVA_VALUE", "IVA_CREA_DATE", "IVA_DELETE", "IVA_LOT_NUM", "IVA_STATE", "IVA_AST_AST_ID", "IVA_SLO_SLO_ID", "SEA_ID", "SRC_ID", "PLG_ID_PLG_ID", "INF_VALUE_NUM") VALUES (1780, 0, '934650554', '2012-09-08 23:48:24', NULL, 2, 0, 1, 10336, 1, 2, 1, 6);
INSERT INTO "T_INFORMATION_VALUE_IVA" ("IVA_ID", version, "IVA_VALUE", "IVA_CREA_DATE", "IVA_DELETE", "IVA_LOT_NUM", "IVA_STATE", "IVA_AST_AST_ID", "IVA_SLO_SLO_ID", "SEA_ID", "SRC_ID", "PLG_ID_PLG_ID", "INF_VALUE_NUM") VALUES (1781, 0, '1489952', '2012-09-08 23:48:24', NULL, 2, 0, 1, 10337, 1, 2, 1, 7);
INSERT INTO "T_INFORMATION_VALUE_IVA" ("IVA_ID", version, "IVA_VALUE", "IVA_CREA_DATE", "IVA_DELETE", "IVA_LOT_NUM", "IVA_STATE", "IVA_AST_AST_ID", "IVA_SLO_SLO_ID", "SEA_ID", "SRC_ID", "PLG_ID_PLG_ID", "INF_VALUE_NUM") VALUES (1782, 0, '0', '2012-09-08 23:48:24', NULL, 2, 0, 1, 10338, 1, 2, 1, 8);
INSERT INTO "T_INFORMATION_VALUE_IVA" ("IVA_ID", version, "IVA_VALUE", "IVA_CREA_DATE", "IVA_DELETE", "IVA_LOT_NUM", "IVA_STATE", "IVA_AST_AST_ID", "IVA_SLO_SLO_ID", "SEA_ID", "SRC_ID", "PLG_ID_PLG_ID", "INF_VALUE_NUM") VALUES (1783, 0, '0', '2012-09-08 23:48:24', NULL, 2, 0, 1, 10339, 1, 2, 1, 9);
INSERT INTO "T_INFORMATION_VALUE_IVA" ("IVA_ID", version, "IVA_VALUE", "IVA_CREA_DATE", "IVA_DELETE", "IVA_LOT_NUM", "IVA_STATE", "IVA_AST_AST_ID", "IVA_SLO_SLO_ID", "SEA_ID", "SRC_ID", "PLG_ID_PLG_ID", "INF_VALUE_NUM") VALUES (1784, 0, 'cpu1', '2012-09-08 23:48:24', NULL, 4, 0, 1, 10340, 1, 4, 1, 1);
INSERT INTO "T_INFORMATION_VALUE_IVA" ("IVA_ID", version, "IVA_VALUE", "IVA_CREA_DATE", "IVA_DELETE", "IVA_LOT_NUM", "IVA_STATE", "IVA_AST_AST_ID", "IVA_SLO_SLO_ID", "SEA_ID", "SRC_ID", "PLG_ID_PLG_ID", "INF_VALUE_NUM") VALUES (1785, 0, '388808', '2012-09-08 23:48:24', NULL, 4, 0, 1, 10341, 1, 4, 1, 2);
INSERT INTO "T_INFORMATION_VALUE_IVA" ("IVA_ID", version, "IVA_VALUE", "IVA_CREA_DATE", "IVA_DELETE", "IVA_LOT_NUM", "IVA_STATE", "IVA_AST_AST_ID", "IVA_SLO_SLO_ID", "SEA_ID", "SRC_ID", "PLG_ID_PLG_ID", "INF_VALUE_NUM") VALUES (1786, 0, '17359', '2012-09-08 23:48:24', NULL, 4, 0, 1, 10342, 1, 4, 1, 3);
INSERT INTO "T_INFORMATION_VALUE_IVA" ("IVA_ID", version, "IVA_VALUE", "IVA_CREA_DATE", "IVA_DELETE", "IVA_LOT_NUM", "IVA_STATE", "IVA_AST_AST_ID", "IVA_SLO_SLO_ID", "SEA_ID", "SRC_ID", "PLG_ID_PLG_ID", "INF_VALUE_NUM") VALUES (1787, 0, '60730', '2012-09-08 23:48:24', NULL, 4, 0, 1, 10343, 1, 4, 1, 4);
INSERT INTO "T_INFORMATION_VALUE_IVA" ("IVA_ID", version, "IVA_VALUE", "IVA_CREA_DATE", "IVA_DELETE", "IVA_LOT_NUM", "IVA_STATE", "IVA_AST_AST_ID", "IVA_SLO_SLO_ID", "SEA_ID", "SRC_ID", "PLG_ID_PLG_ID", "INF_VALUE_NUM") VALUES (1788, 0, '4499640', '2012-09-08 23:48:24', NULL, 4, 0, 1, 10344, 1, 4, 1, 5);
INSERT INTO "T_INFORMATION_VALUE_IVA" ("IVA_ID", version, "IVA_VALUE", "IVA_CREA_DATE", "IVA_DELETE", "IVA_LOT_NUM", "IVA_STATE", "IVA_AST_AST_ID", "IVA_SLO_SLO_ID", "SEA_ID", "SRC_ID", "PLG_ID_PLG_ID", "INF_VALUE_NUM") VALUES (1789, 0, 'cpu2', '2012-09-08 23:48:24', NULL, 4, 0, 1, 10345, 1, 4, 1, 1);
INSERT INTO "T_INFORMATION_VALUE_IVA" ("IVA_ID", version, "IVA_VALUE", "IVA_CREA_DATE", "IVA_DELETE", "IVA_LOT_NUM", "IVA_STATE", "IVA_AST_AST_ID", "IVA_SLO_SLO_ID", "SEA_ID", "SRC_ID", "PLG_ID_PLG_ID", "INF_VALUE_NUM") VALUES (1790, 0, '135054', '2012-09-08 23:48:24', NULL, 4, 0, 1, 10346, 1, 4, 1, 2);
INSERT INTO "T_INFORMATION_VALUE_IVA" ("IVA_ID", version, "IVA_VALUE", "IVA_CREA_DATE", "IVA_DELETE", "IVA_LOT_NUM", "IVA_STATE", "IVA_AST_AST_ID", "IVA_SLO_SLO_ID", "SEA_ID", "SRC_ID", "PLG_ID_PLG_ID", "INF_VALUE_NUM") VALUES (1791, 0, '29620', '2012-09-08 23:48:24', NULL, 4, 0, 1, 10347, 1, 4, 1, 3);
INSERT INTO "T_INFORMATION_VALUE_IVA" ("IVA_ID", version, "IVA_VALUE", "IVA_CREA_DATE", "IVA_DELETE", "IVA_LOT_NUM", "IVA_STATE", "IVA_AST_AST_ID", "IVA_SLO_SLO_ID", "SEA_ID", "SRC_ID", "PLG_ID_PLG_ID", "INF_VALUE_NUM") VALUES (1792, 0, '26006', '2012-09-08 23:48:24', NULL, 4, 0, 1, 10348, 1, 4, 1, 4);
INSERT INTO "T_INFORMATION_VALUE_IVA" ("IVA_ID", version, "IVA_VALUE", "IVA_CREA_DATE", "IVA_DELETE", "IVA_LOT_NUM", "IVA_STATE", "IVA_AST_AST_ID", "IVA_SLO_SLO_ID", "SEA_ID", "SRC_ID", "PLG_ID_PLG_ID", "INF_VALUE_NUM") VALUES (1793, 0, '4779364', '2012-09-08 23:48:24', NULL, 4, 0, 1, 10349, 1, 4, 1, 5);
INSERT INTO "T_INFORMATION_VALUE_IVA" ("IVA_ID", version, "IVA_VALUE", "IVA_CREA_DATE", "IVA_DELETE", "IVA_LOT_NUM", "IVA_STATE", "IVA_AST_AST_ID", "IVA_SLO_SLO_ID", "SEA_ID", "SRC_ID", "PLG_ID_PLG_ID", "INF_VALUE_NUM") VALUES (1794, 0, 'cpu3', '2012-09-08 23:48:24', NULL, 4, 0, 1, 10350, 1, 4, 1, 1);
INSERT INTO "T_INFORMATION_VALUE_IVA" ("IVA_ID", version, "IVA_VALUE", "IVA_CREA_DATE", "IVA_DELETE", "IVA_LOT_NUM", "IVA_STATE", "IVA_AST_AST_ID", "IVA_SLO_SLO_ID", "SEA_ID", "SRC_ID", "PLG_ID_PLG_ID", "INF_VALUE_NUM") VALUES (1795, 0, '131127', '2012-09-08 23:48:24', NULL, 4, 0, 1, 10351, 1, 4, 1, 2);
INSERT INTO "T_INFORMATION_VALUE_IVA" ("IVA_ID", version, "IVA_VALUE", "IVA_CREA_DATE", "IVA_DELETE", "IVA_LOT_NUM", "IVA_STATE", "IVA_AST_AST_ID", "IVA_SLO_SLO_ID", "SEA_ID", "SRC_ID", "PLG_ID_PLG_ID", "INF_VALUE_NUM") VALUES (1796, 0, '21509', '2012-09-08 23:48:24', NULL, 4, 0, 1, 10352, 1, 4, 1, 3);
INSERT INTO "T_INFORMATION_VALUE_IVA" ("IVA_ID", version, "IVA_VALUE", "IVA_CREA_DATE", "IVA_DELETE", "IVA_LOT_NUM", "IVA_STATE", "IVA_AST_AST_ID", "IVA_SLO_SLO_ID", "SEA_ID", "SRC_ID", "PLG_ID_PLG_ID", "INF_VALUE_NUM") VALUES (1797, 0, '31111', '2012-09-08 23:48:24', NULL, 4, 0, 1, 10353, 1, 4, 1, 4);
INSERT INTO "T_INFORMATION_VALUE_IVA" ("IVA_ID", version, "IVA_VALUE", "IVA_CREA_DATE", "IVA_DELETE", "IVA_LOT_NUM", "IVA_STATE", "IVA_AST_AST_ID", "IVA_SLO_SLO_ID", "SEA_ID", "SRC_ID", "PLG_ID_PLG_ID", "INF_VALUE_NUM") VALUES (1798, 0, '4787385', '2012-09-08 23:48:24', NULL, 4, 0, 1, 10354, 1, 4, 1, 5);
INSERT INTO "T_INFORMATION_VALUE_IVA" ("IVA_ID", version, "IVA_VALUE", "IVA_CREA_DATE", "IVA_DELETE", "IVA_LOT_NUM", "IVA_STATE", "IVA_AST_AST_ID", "IVA_SLO_SLO_ID", "SEA_ID", "SRC_ID", "PLG_ID_PLG_ID", "INF_VALUE_NUM") VALUES (1799, 0, '0', '2012-09-08 23:48:24', NULL, 1, 0, 1, 10355, 5, 1, 1, 1);
INSERT INTO "T_INFORMATION_VALUE_IVA" ("IVA_ID", version, "IVA_VALUE", "IVA_CREA_DATE", "IVA_DELETE", "IVA_LOT_NUM", "IVA_STATE", "IVA_AST_AST_ID", "IVA_SLO_SLO_ID", "SEA_ID", "SRC_ID", "PLG_ID_PLG_ID", "INF_VALUE_NUM") VALUES (1800, 0, '0', '2012-09-08 23:48:24', NULL, 1, 0, 1, 10356, 6, 1, 1, 1);
INSERT INTO "T_INFORMATION_VALUE_IVA" ("IVA_ID", version, "IVA_VALUE", "IVA_CREA_DATE", "IVA_DELETE", "IVA_LOT_NUM", "IVA_STATE", "IVA_AST_AST_ID", "IVA_SLO_SLO_ID", "SEA_ID", "SRC_ID", "PLG_ID_PLG_ID", "INF_VALUE_NUM") VALUES (1801, 0, '0.97', '2012-09-08 23:56:34', NULL, 2, 0, 1, 10357, 1, 3, 1, 1);
INSERT INTO "T_INFORMATION_VALUE_IVA" ("IVA_ID", version, "IVA_VALUE", "IVA_CREA_DATE", "IVA_DELETE", "IVA_LOT_NUM", "IVA_STATE", "IVA_AST_AST_ID", "IVA_SLO_SLO_ID", "SEA_ID", "SRC_ID", "PLG_ID_PLG_ID", "INF_VALUE_NUM") VALUES (1802, 0, '0.96', '2012-09-08 23:56:34', NULL, 2, 0, 1, 10358, 1, 3, 1, 2);
INSERT INTO "T_INFORMATION_VALUE_IVA" ("IVA_ID", version, "IVA_VALUE", "IVA_CREA_DATE", "IVA_DELETE", "IVA_LOT_NUM", "IVA_STATE", "IVA_AST_AST_ID", "IVA_SLO_SLO_ID", "SEA_ID", "SRC_ID", "PLG_ID_PLG_ID", "INF_VALUE_NUM") VALUES (1803, 0, '0.91', '2012-09-08 23:56:34', NULL, 2, 0, 1, 10359, 1, 3, 1, 3);
INSERT INTO "T_INFORMATION_VALUE_IVA" ("IVA_ID", version, "IVA_VALUE", "IVA_CREA_DATE", "IVA_DELETE", "IVA_LOT_NUM", "IVA_STATE", "IVA_AST_AST_ID", "IVA_SLO_SLO_ID", "SEA_ID", "SRC_ID", "PLG_ID_PLG_ID", "INF_VALUE_NUM") VALUES (1804, 0, '5991288', '2012-09-08 23:56:34', NULL, 4, 0, 1, 10360, 1, 1, 1, 1);
INSERT INTO "T_INFORMATION_VALUE_IVA" ("IVA_ID", version, "IVA_VALUE", "IVA_CREA_DATE", "IVA_DELETE", "IVA_LOT_NUM", "IVA_STATE", "IVA_AST_AST_ID", "IVA_SLO_SLO_ID", "SEA_ID", "SRC_ID", "PLG_ID_PLG_ID", "INF_VALUE_NUM") VALUES (1805, 0, '2654276', '2012-09-08 23:56:34', NULL, 4, 0, 1, 10361, 2, 1, 1, 1);
INSERT INTO "T_INFORMATION_VALUE_IVA" ("IVA_ID", version, "IVA_VALUE", "IVA_CREA_DATE", "IVA_DELETE", "IVA_LOT_NUM", "IVA_STATE", "IVA_AST_AST_ID", "IVA_SLO_SLO_ID", "SEA_ID", "SRC_ID", "PLG_ID_PLG_ID", "INF_VALUE_NUM") VALUES (1806, 0, '72548', '2012-09-08 23:56:34', NULL, 4, 0, 1, 10362, 3, 1, 1, 1);
INSERT INTO "T_INFORMATION_VALUE_IVA" ("IVA_ID", version, "IVA_VALUE", "IVA_CREA_DATE", "IVA_DELETE", "IVA_LOT_NUM", "IVA_STATE", "IVA_AST_AST_ID", "IVA_SLO_SLO_ID", "SEA_ID", "SRC_ID", "PLG_ID_PLG_ID", "INF_VALUE_NUM") VALUES (1807, 0, 'cpu', '2012-09-08 23:56:34', NULL, 1, 0, 1, 10363, 1, 4, 1, 1);
INSERT INTO "T_INFORMATION_VALUE_IVA" ("IVA_ID", version, "IVA_VALUE", "IVA_CREA_DATE", "IVA_DELETE", "IVA_LOT_NUM", "IVA_STATE", "IVA_AST_AST_ID", "IVA_SLO_SLO_ID", "SEA_ID", "SRC_ID", "PLG_ID_PLG_ID", "INF_VALUE_NUM") VALUES (1808, 0, '1018851', '2012-09-08 23:56:34', NULL, 1, 0, 1, 10364, 1, 4, 1, 2);
INSERT INTO "T_INFORMATION_VALUE_IVA" ("IVA_ID", version, "IVA_VALUE", "IVA_CREA_DATE", "IVA_DELETE", "IVA_LOT_NUM", "IVA_STATE", "IVA_AST_AST_ID", "IVA_SLO_SLO_ID", "SEA_ID", "SRC_ID", "PLG_ID_PLG_ID", "INF_VALUE_NUM") VALUES (1809, 0, '75741', '2012-09-08 23:56:34', NULL, 1, 0, 1, 10365, 1, 4, 1, 3);
INSERT INTO "T_INFORMATION_VALUE_IVA" ("IVA_ID", version, "IVA_VALUE", "IVA_CREA_DATE", "IVA_DELETE", "IVA_LOT_NUM", "IVA_STATE", "IVA_AST_AST_ID", "IVA_SLO_SLO_ID", "SEA_ID", "SRC_ID", "PLG_ID_PLG_ID", "INF_VALUE_NUM") VALUES (1810, 0, '199836', '2012-09-08 23:56:34', NULL, 1, 0, 1, 10366, 1, 4, 1, 4);
INSERT INTO "T_INFORMATION_VALUE_IVA" ("IVA_ID", version, "IVA_VALUE", "IVA_CREA_DATE", "IVA_DELETE", "IVA_LOT_NUM", "IVA_STATE", "IVA_AST_AST_ID", "IVA_SLO_SLO_ID", "SEA_ID", "SRC_ID", "PLG_ID_PLG_ID", "INF_VALUE_NUM") VALUES (1811, 0, '18717060', '2012-09-08 23:56:34', NULL, 1, 0, 1, 10367, 1, 4, 1, 5);
INSERT INTO "T_INFORMATION_VALUE_IVA" ("IVA_ID", version, "IVA_VALUE", "IVA_CREA_DATE", "IVA_DELETE", "IVA_LOT_NUM", "IVA_STATE", "IVA_AST_AST_ID", "IVA_SLO_SLO_ID", "SEA_ID", "SRC_ID", "PLG_ID_PLG_ID", "INF_VALUE_NUM") VALUES (1812, 0, 'cpu0', '2012-09-08 23:56:34', NULL, 1, 0, 1, 10368, 1, 4, 1, 1);
INSERT INTO "T_INFORMATION_VALUE_IVA" ("IVA_ID", version, "IVA_VALUE", "IVA_CREA_DATE", "IVA_DELETE", "IVA_LOT_NUM", "IVA_STATE", "IVA_AST_AST_ID", "IVA_SLO_SLO_ID", "SEA_ID", "SRC_ID", "PLG_ID_PLG_ID", "INF_VALUE_NUM") VALUES (1813, 0, '357774', '2012-09-08 23:56:34', NULL, 1, 0, 1, 10369, 1, 4, 1, 2);
INSERT INTO "T_INFORMATION_VALUE_IVA" ("IVA_ID", version, "IVA_VALUE", "IVA_CREA_DATE", "IVA_DELETE", "IVA_LOT_NUM", "IVA_STATE", "IVA_AST_AST_ID", "IVA_SLO_SLO_ID", "SEA_ID", "SRC_ID", "PLG_ID_PLG_ID", "INF_VALUE_NUM") VALUES (1814, 0, '7252', '2012-09-08 23:56:34', NULL, 1, 0, 1, 10370, 1, 4, 1, 3);
INSERT INTO "T_INFORMATION_VALUE_IVA" ("IVA_ID", version, "IVA_VALUE", "IVA_CREA_DATE", "IVA_DELETE", "IVA_LOT_NUM", "IVA_STATE", "IVA_AST_AST_ID", "IVA_SLO_SLO_ID", "SEA_ID", "SRC_ID", "PLG_ID_PLG_ID", "INF_VALUE_NUM") VALUES (1815, 0, '80949', '2012-09-08 23:56:34', NULL, 1, 0, 1, 10371, 1, 4, 1, 4);
INSERT INTO "T_INFORMATION_VALUE_IVA" ("IVA_ID", version, "IVA_VALUE", "IVA_CREA_DATE", "IVA_DELETE", "IVA_LOT_NUM", "IVA_STATE", "IVA_AST_AST_ID", "IVA_SLO_SLO_ID", "SEA_ID", "SRC_ID", "PLG_ID_PLG_ID", "INF_VALUE_NUM") VALUES (1816, 0, '4511003', '2012-09-08 23:56:34', NULL, 1, 0, 1, 10372, 1, 4, 1, 5);
INSERT INTO "T_INFORMATION_VALUE_IVA" ("IVA_ID", version, "IVA_VALUE", "IVA_CREA_DATE", "IVA_DELETE", "IVA_LOT_NUM", "IVA_STATE", "IVA_AST_AST_ID", "IVA_SLO_SLO_ID", "SEA_ID", "SRC_ID", "PLG_ID_PLG_ID", "INF_VALUE_NUM") VALUES (1817, 0, 'cpu1', '2012-09-08 23:56:34', NULL, 1, 0, 1, 10373, 1, 4, 1, 1);
INSERT INTO "T_INFORMATION_VALUE_IVA" ("IVA_ID", version, "IVA_VALUE", "IVA_CREA_DATE", "IVA_DELETE", "IVA_LOT_NUM", "IVA_STATE", "IVA_AST_AST_ID", "IVA_SLO_SLO_ID", "SEA_ID", "SRC_ID", "PLG_ID_PLG_ID", "INF_VALUE_NUM") VALUES (1818, 0, '393171', '2012-09-08 23:56:34', NULL, 1, 0, 1, 10374, 1, 4, 1, 2);
INSERT INTO "T_INFORMATION_VALUE_IVA" ("IVA_ID", version, "IVA_VALUE", "IVA_CREA_DATE", "IVA_DELETE", "IVA_LOT_NUM", "IVA_STATE", "IVA_AST_AST_ID", "IVA_SLO_SLO_ID", "SEA_ID", "SRC_ID", "PLG_ID_PLG_ID", "INF_VALUE_NUM") VALUES (1819, 0, '17359', '2012-09-08 23:56:34', NULL, 1, 0, 1, 10375, 1, 4, 1, 3);
INSERT INTO "T_INFORMATION_VALUE_IVA" ("IVA_ID", version, "IVA_VALUE", "IVA_CREA_DATE", "IVA_DELETE", "IVA_LOT_NUM", "IVA_STATE", "IVA_AST_AST_ID", "IVA_SLO_SLO_ID", "SEA_ID", "SRC_ID", "PLG_ID_PLG_ID", "INF_VALUE_NUM") VALUES (1820, 0, '61426', '2012-09-08 23:56:34', NULL, 1, 0, 1, 10376, 1, 4, 1, 4);
INSERT INTO "T_INFORMATION_VALUE_IVA" ("IVA_ID", version, "IVA_VALUE", "IVA_CREA_DATE", "IVA_DELETE", "IVA_LOT_NUM", "IVA_STATE", "IVA_AST_AST_ID", "IVA_SLO_SLO_ID", "SEA_ID", "SRC_ID", "PLG_ID_PLG_ID", "INF_VALUE_NUM") VALUES (1821, 0, '4543533', '2012-09-08 23:56:34', NULL, 1, 0, 1, 10377, 1, 4, 1, 5);
INSERT INTO "T_INFORMATION_VALUE_IVA" ("IVA_ID", version, "IVA_VALUE", "IVA_CREA_DATE", "IVA_DELETE", "IVA_LOT_NUM", "IVA_STATE", "IVA_AST_AST_ID", "IVA_SLO_SLO_ID", "SEA_ID", "SRC_ID", "PLG_ID_PLG_ID", "INF_VALUE_NUM") VALUES (1822, 0, 'cpu2', '2012-09-08 23:56:34', NULL, 1, 0, 1, 10378, 1, 4, 1, 1);
INSERT INTO "T_INFORMATION_VALUE_IVA" ("IVA_ID", version, "IVA_VALUE", "IVA_CREA_DATE", "IVA_DELETE", "IVA_LOT_NUM", "IVA_STATE", "IVA_AST_AST_ID", "IVA_SLO_SLO_ID", "SEA_ID", "SRC_ID", "PLG_ID_PLG_ID", "INF_VALUE_NUM") VALUES (1823, 0, '135960', '2012-09-08 23:56:34', NULL, 1, 0, 1, 10379, 1, 4, 1, 2);
INSERT INTO "T_INFORMATION_VALUE_IVA" ("IVA_ID", version, "IVA_VALUE", "IVA_CREA_DATE", "IVA_DELETE", "IVA_LOT_NUM", "IVA_STATE", "IVA_AST_AST_ID", "IVA_SLO_SLO_ID", "SEA_ID", "SRC_ID", "PLG_ID_PLG_ID", "INF_VALUE_NUM") VALUES (1824, 0, '29620', '2012-09-08 23:56:34', NULL, 1, 0, 1, 10380, 1, 4, 1, 3);
INSERT INTO "T_INFORMATION_VALUE_IVA" ("IVA_ID", version, "IVA_VALUE", "IVA_CREA_DATE", "IVA_DELETE", "IVA_LOT_NUM", "IVA_STATE", "IVA_AST_AST_ID", "IVA_SLO_SLO_ID", "SEA_ID", "SRC_ID", "PLG_ID_PLG_ID", "INF_VALUE_NUM") VALUES (1825, 0, '26175', '2012-09-08 23:56:34', NULL, 1, 0, 1, 10381, 1, 4, 1, 4);
INSERT INTO "T_INFORMATION_VALUE_IVA" ("IVA_ID", version, "IVA_VALUE", "IVA_CREA_DATE", "IVA_DELETE", "IVA_LOT_NUM", "IVA_STATE", "IVA_AST_AST_ID", "IVA_SLO_SLO_ID", "SEA_ID", "SRC_ID", "PLG_ID_PLG_ID", "INF_VALUE_NUM") VALUES (1826, 0, '4827207', '2012-09-08 23:56:34', NULL, 1, 0, 1, 10382, 1, 4, 1, 5);
INSERT INTO "T_INFORMATION_VALUE_IVA" ("IVA_ID", version, "IVA_VALUE", "IVA_CREA_DATE", "IVA_DELETE", "IVA_LOT_NUM", "IVA_STATE", "IVA_AST_AST_ID", "IVA_SLO_SLO_ID", "SEA_ID", "SRC_ID", "PLG_ID_PLG_ID", "INF_VALUE_NUM") VALUES (1827, 0, '1558724', '2012-09-08 23:56:34', NULL, 4, 0, 1, 10383, 4, 1, 1, 1);
INSERT INTO "T_INFORMATION_VALUE_IVA" ("IVA_ID", version, "IVA_VALUE", "IVA_CREA_DATE", "IVA_DELETE", "IVA_LOT_NUM", "IVA_STATE", "IVA_AST_AST_ID", "IVA_SLO_SLO_ID", "SEA_ID", "SRC_ID", "PLG_ID_PLG_ID", "INF_VALUE_NUM") VALUES (1828, 0, 'cpu3', '2012-09-08 23:56:34', NULL, 1, 0, 1, 10384, 1, 4, 1, 1);
INSERT INTO "T_INFORMATION_VALUE_IVA" ("IVA_ID", version, "IVA_VALUE", "IVA_CREA_DATE", "IVA_DELETE", "IVA_LOT_NUM", "IVA_STATE", "IVA_AST_AST_ID", "IVA_SLO_SLO_ID", "SEA_ID", "SRC_ID", "PLG_ID_PLG_ID", "INF_VALUE_NUM") VALUES (1829, 0, '131945', '2012-09-08 23:56:34', NULL, 1, 0, 1, 10385, 1, 4, 1, 2);
INSERT INTO "T_INFORMATION_VALUE_IVA" ("IVA_ID", version, "IVA_VALUE", "IVA_CREA_DATE", "IVA_DELETE", "IVA_LOT_NUM", "IVA_STATE", "IVA_AST_AST_ID", "IVA_SLO_SLO_ID", "SEA_ID", "SRC_ID", "PLG_ID_PLG_ID", "INF_VALUE_NUM") VALUES (1830, 0, '21509', '2012-09-08 23:56:34', NULL, 1, 0, 1, 10386, 1, 4, 1, 3);
INSERT INTO "T_INFORMATION_VALUE_IVA" ("IVA_ID", version, "IVA_VALUE", "IVA_CREA_DATE", "IVA_DELETE", "IVA_LOT_NUM", "IVA_STATE", "IVA_AST_AST_ID", "IVA_SLO_SLO_ID", "SEA_ID", "SRC_ID", "PLG_ID_PLG_ID", "INF_VALUE_NUM") VALUES (1831, 0, '31285', '2012-09-08 23:56:34', NULL, 1, 0, 1, 10387, 1, 4, 1, 4);
INSERT INTO "T_INFORMATION_VALUE_IVA" ("IVA_ID", version, "IVA_VALUE", "IVA_CREA_DATE", "IVA_DELETE", "IVA_LOT_NUM", "IVA_STATE", "IVA_AST_AST_ID", "IVA_SLO_SLO_ID", "SEA_ID", "SRC_ID", "PLG_ID_PLG_ID", "INF_VALUE_NUM") VALUES (1832, 0, '4835316', '2012-09-08 23:56:34', NULL, 1, 0, 1, 10388, 1, 4, 1, 5);
INSERT INTO "T_INFORMATION_VALUE_IVA" ("IVA_ID", version, "IVA_VALUE", "IVA_CREA_DATE", "IVA_DELETE", "IVA_LOT_NUM", "IVA_STATE", "IVA_AST_AST_ID", "IVA_SLO_SLO_ID", "SEA_ID", "SRC_ID", "PLG_ID_PLG_ID", "INF_VALUE_NUM") VALUES (1833, 0, '0', '2012-09-08 23:56:34', NULL, 4, 0, 1, 10389, 5, 1, 1, 1);
INSERT INTO "T_INFORMATION_VALUE_IVA" ("IVA_ID", version, "IVA_VALUE", "IVA_CREA_DATE", "IVA_DELETE", "IVA_LOT_NUM", "IVA_STATE", "IVA_AST_AST_ID", "IVA_SLO_SLO_ID", "SEA_ID", "SRC_ID", "PLG_ID_PLG_ID", "INF_VALUE_NUM") VALUES (1834, 0, '0', '2012-09-08 23:56:34', NULL, 4, 0, 1, 10390, 6, 1, 1, 1);
INSERT INTO "T_INFORMATION_VALUE_IVA" ("IVA_ID", version, "IVA_VALUE", "IVA_CREA_DATE", "IVA_DELETE", "IVA_LOT_NUM", "IVA_STATE", "IVA_AST_AST_ID", "IVA_SLO_SLO_ID", "SEA_ID", "SRC_ID", "PLG_ID_PLG_ID", "INF_VALUE_NUM") VALUES (1835, 0, 'lo', '2012-09-08 23:56:34', NULL, 3, 0, 1, 10391, 1, 2, 1, 1);
INSERT INTO "T_INFORMATION_VALUE_IVA" ("IVA_ID", version, "IVA_VALUE", "IVA_CREA_DATE", "IVA_DELETE", "IVA_LOT_NUM", "IVA_STATE", "IVA_AST_AST_ID", "IVA_SLO_SLO_ID", "SEA_ID", "SRC_ID", "PLG_ID_PLG_ID", "INF_VALUE_NUM") VALUES (1836, 0, '3161353', '2012-09-08 23:56:34', NULL, 3, 0, 1, 10392, 1, 2, 1, 2);
INSERT INTO "T_INFORMATION_VALUE_IVA" ("IVA_ID", version, "IVA_VALUE", "IVA_CREA_DATE", "IVA_DELETE", "IVA_LOT_NUM", "IVA_STATE", "IVA_AST_AST_ID", "IVA_SLO_SLO_ID", "SEA_ID", "SRC_ID", "PLG_ID_PLG_ID", "INF_VALUE_NUM") VALUES (1837, 0, '10507', '2012-09-08 23:56:34', NULL, 3, 0, 1, 10393, 1, 2, 1, 3);
INSERT INTO "T_INFORMATION_VALUE_IVA" ("IVA_ID", version, "IVA_VALUE", "IVA_CREA_DATE", "IVA_DELETE", "IVA_LOT_NUM", "IVA_STATE", "IVA_AST_AST_ID", "IVA_SLO_SLO_ID", "SEA_ID", "SRC_ID", "PLG_ID_PLG_ID", "INF_VALUE_NUM") VALUES (1838, 0, '0', '2012-09-08 23:56:34', NULL, 3, 0, 1, 10394, 1, 2, 1, 4);
INSERT INTO "T_INFORMATION_VALUE_IVA" ("IVA_ID", version, "IVA_VALUE", "IVA_CREA_DATE", "IVA_DELETE", "IVA_LOT_NUM", "IVA_STATE", "IVA_AST_AST_ID", "IVA_SLO_SLO_ID", "SEA_ID", "SRC_ID", "PLG_ID_PLG_ID", "INF_VALUE_NUM") VALUES (1839, 0, '0', '2012-09-08 23:56:34', NULL, 3, 0, 1, 10395, 1, 2, 1, 5);
INSERT INTO "T_INFORMATION_VALUE_IVA" ("IVA_ID", version, "IVA_VALUE", "IVA_CREA_DATE", "IVA_DELETE", "IVA_LOT_NUM", "IVA_STATE", "IVA_AST_AST_ID", "IVA_SLO_SLO_ID", "SEA_ID", "SRC_ID", "PLG_ID_PLG_ID", "INF_VALUE_NUM") VALUES (1840, 0, '3161353', '2012-09-08 23:56:34', NULL, 3, 0, 1, 10396, 1, 2, 1, 6);
INSERT INTO "T_INFORMATION_VALUE_IVA" ("IVA_ID", version, "IVA_VALUE", "IVA_CREA_DATE", "IVA_DELETE", "IVA_LOT_NUM", "IVA_STATE", "IVA_AST_AST_ID", "IVA_SLO_SLO_ID", "SEA_ID", "SRC_ID", "PLG_ID_PLG_ID", "INF_VALUE_NUM") VALUES (1841, 0, '10507', '2012-09-08 23:56:34', NULL, 3, 0, 1, 10397, 1, 2, 1, 7);
INSERT INTO "T_INFORMATION_VALUE_IVA" ("IVA_ID", version, "IVA_VALUE", "IVA_CREA_DATE", "IVA_DELETE", "IVA_LOT_NUM", "IVA_STATE", "IVA_AST_AST_ID", "IVA_SLO_SLO_ID", "SEA_ID", "SRC_ID", "PLG_ID_PLG_ID", "INF_VALUE_NUM") VALUES (1842, 0, '0', '2012-09-08 23:56:34', NULL, 3, 0, 1, 10398, 1, 2, 1, 8);
INSERT INTO "T_INFORMATION_VALUE_IVA" ("IVA_ID", version, "IVA_VALUE", "IVA_CREA_DATE", "IVA_DELETE", "IVA_LOT_NUM", "IVA_STATE", "IVA_AST_AST_ID", "IVA_SLO_SLO_ID", "SEA_ID", "SRC_ID", "PLG_ID_PLG_ID", "INF_VALUE_NUM") VALUES (1843, 0, '0', '2012-09-08 23:56:34', NULL, 3, 0, 1, 10399, 1, 2, 1, 9);
INSERT INTO "T_INFORMATION_VALUE_IVA" ("IVA_ID", version, "IVA_VALUE", "IVA_CREA_DATE", "IVA_DELETE", "IVA_LOT_NUM", "IVA_STATE", "IVA_AST_AST_ID", "IVA_SLO_SLO_ID", "SEA_ID", "SRC_ID", "PLG_ID_PLG_ID", "INF_VALUE_NUM") VALUES (1844, 0, 'wlan0', '2012-09-08 23:56:34', NULL, 3, 0, 1, 10400, 1, 2, 1, 1);
INSERT INTO "T_INFORMATION_VALUE_IVA" ("IVA_ID", version, "IVA_VALUE", "IVA_CREA_DATE", "IVA_DELETE", "IVA_LOT_NUM", "IVA_STATE", "IVA_AST_AST_ID", "IVA_SLO_SLO_ID", "SEA_ID", "SRC_ID", "PLG_ID_PLG_ID", "INF_VALUE_NUM") VALUES (1845, 0, '0', '2012-09-08 23:56:34', NULL, 3, 0, 1, 10401, 1, 2, 1, 2);
INSERT INTO "T_INFORMATION_VALUE_IVA" ("IVA_ID", version, "IVA_VALUE", "IVA_CREA_DATE", "IVA_DELETE", "IVA_LOT_NUM", "IVA_STATE", "IVA_AST_AST_ID", "IVA_SLO_SLO_ID", "SEA_ID", "SRC_ID", "PLG_ID_PLG_ID", "INF_VALUE_NUM") VALUES (1846, 0, '0', '2012-09-08 23:56:34', NULL, 3, 0, 1, 10402, 1, 2, 1, 3);
INSERT INTO "T_INFORMATION_VALUE_IVA" ("IVA_ID", version, "IVA_VALUE", "IVA_CREA_DATE", "IVA_DELETE", "IVA_LOT_NUM", "IVA_STATE", "IVA_AST_AST_ID", "IVA_SLO_SLO_ID", "SEA_ID", "SRC_ID", "PLG_ID_PLG_ID", "INF_VALUE_NUM") VALUES (1847, 0, '0', '2012-09-08 23:56:34', NULL, 3, 0, 1, 10403, 1, 2, 1, 4);
INSERT INTO "T_INFORMATION_VALUE_IVA" ("IVA_ID", version, "IVA_VALUE", "IVA_CREA_DATE", "IVA_DELETE", "IVA_LOT_NUM", "IVA_STATE", "IVA_AST_AST_ID", "IVA_SLO_SLO_ID", "SEA_ID", "SRC_ID", "PLG_ID_PLG_ID", "INF_VALUE_NUM") VALUES (1848, 0, '0', '2012-09-08 23:56:34', NULL, 3, 0, 1, 10404, 1, 2, 1, 5);
INSERT INTO "T_INFORMATION_VALUE_IVA" ("IVA_ID", version, "IVA_VALUE", "IVA_CREA_DATE", "IVA_DELETE", "IVA_LOT_NUM", "IVA_STATE", "IVA_AST_AST_ID", "IVA_SLO_SLO_ID", "SEA_ID", "SRC_ID", "PLG_ID_PLG_ID", "INF_VALUE_NUM") VALUES (1849, 0, '0', '2012-09-08 23:56:34', NULL, 3, 0, 1, 10405, 1, 2, 1, 6);
INSERT INTO "T_INFORMATION_VALUE_IVA" ("IVA_ID", version, "IVA_VALUE", "IVA_CREA_DATE", "IVA_DELETE", "IVA_LOT_NUM", "IVA_STATE", "IVA_AST_AST_ID", "IVA_SLO_SLO_ID", "SEA_ID", "SRC_ID", "PLG_ID_PLG_ID", "INF_VALUE_NUM") VALUES (1850, 0, '0', '2012-09-08 23:56:34', NULL, 3, 0, 1, 10406, 1, 2, 1, 7);
INSERT INTO "T_INFORMATION_VALUE_IVA" ("IVA_ID", version, "IVA_VALUE", "IVA_CREA_DATE", "IVA_DELETE", "IVA_LOT_NUM", "IVA_STATE", "IVA_AST_AST_ID", "IVA_SLO_SLO_ID", "SEA_ID", "SRC_ID", "PLG_ID_PLG_ID", "INF_VALUE_NUM") VALUES (1851, 0, '0', '2012-09-08 23:56:34', NULL, 3, 0, 1, 10407, 1, 2, 1, 8);
INSERT INTO "T_INFORMATION_VALUE_IVA" ("IVA_ID", version, "IVA_VALUE", "IVA_CREA_DATE", "IVA_DELETE", "IVA_LOT_NUM", "IVA_STATE", "IVA_AST_AST_ID", "IVA_SLO_SLO_ID", "SEA_ID", "SRC_ID", "PLG_ID_PLG_ID", "INF_VALUE_NUM") VALUES (1852, 0, '0', '2012-09-08 23:56:34', NULL, 3, 0, 1, 10408, 1, 2, 1, 9);
INSERT INTO "T_INFORMATION_VALUE_IVA" ("IVA_ID", version, "IVA_VALUE", "IVA_CREA_DATE", "IVA_DELETE", "IVA_LOT_NUM", "IVA_STATE", "IVA_AST_AST_ID", "IVA_SLO_SLO_ID", "SEA_ID", "SRC_ID", "PLG_ID_PLG_ID", "INF_VALUE_NUM") VALUES (1853, 0, 'eth0', '2012-09-08 23:56:34', NULL, 3, 0, 1, 10409, 1, 2, 1, 1);
INSERT INTO "T_INFORMATION_VALUE_IVA" ("IVA_ID", version, "IVA_VALUE", "IVA_CREA_DATE", "IVA_DELETE", "IVA_LOT_NUM", "IVA_STATE", "IVA_AST_AST_ID", "IVA_SLO_SLO_ID", "SEA_ID", "SRC_ID", "PLG_ID_PLG_ID", "INF_VALUE_NUM") VALUES (1854, 0, '888568127', '2012-09-08 23:56:34', NULL, 3, 0, 1, 10410, 1, 2, 1, 2);
INSERT INTO "T_INFORMATION_VALUE_IVA" ("IVA_ID", version, "IVA_VALUE", "IVA_CREA_DATE", "IVA_DELETE", "IVA_LOT_NUM", "IVA_STATE", "IVA_AST_AST_ID", "IVA_SLO_SLO_ID", "SEA_ID", "SRC_ID", "PLG_ID_PLG_ID", "INF_VALUE_NUM") VALUES (1855, 0, '1234205', '2012-09-08 23:56:34', NULL, 3, 0, 1, 10411, 1, 2, 1, 3);
INSERT INTO "T_INFORMATION_VALUE_IVA" ("IVA_ID", version, "IVA_VALUE", "IVA_CREA_DATE", "IVA_DELETE", "IVA_LOT_NUM", "IVA_STATE", "IVA_AST_AST_ID", "IVA_SLO_SLO_ID", "SEA_ID", "SRC_ID", "PLG_ID_PLG_ID", "INF_VALUE_NUM") VALUES (1856, 0, '0', '2012-09-08 23:56:34', NULL, 3, 0, 1, 10412, 1, 2, 1, 4);
INSERT INTO "T_INFORMATION_VALUE_IVA" ("IVA_ID", version, "IVA_VALUE", "IVA_CREA_DATE", "IVA_DELETE", "IVA_LOT_NUM", "IVA_STATE", "IVA_AST_AST_ID", "IVA_SLO_SLO_ID", "SEA_ID", "SRC_ID", "PLG_ID_PLG_ID", "INF_VALUE_NUM") VALUES (1857, 0, '0', '2012-09-08 23:56:34', NULL, 3, 0, 1, 10413, 1, 2, 1, 5);
INSERT INTO "T_INFORMATION_VALUE_IVA" ("IVA_ID", version, "IVA_VALUE", "IVA_CREA_DATE", "IVA_DELETE", "IVA_LOT_NUM", "IVA_STATE", "IVA_AST_AST_ID", "IVA_SLO_SLO_ID", "SEA_ID", "SRC_ID", "PLG_ID_PLG_ID", "INF_VALUE_NUM") VALUES (1858, 0, '934949863', '2012-09-08 23:56:34', NULL, 3, 0, 1, 10414, 1, 2, 1, 6);
INSERT INTO "T_INFORMATION_VALUE_IVA" ("IVA_ID", version, "IVA_VALUE", "IVA_CREA_DATE", "IVA_DELETE", "IVA_LOT_NUM", "IVA_STATE", "IVA_AST_AST_ID", "IVA_SLO_SLO_ID", "SEA_ID", "SRC_ID", "PLG_ID_PLG_ID", "INF_VALUE_NUM") VALUES (1859, 0, '1492381', '2012-09-08 23:56:34', NULL, 3, 0, 1, 10415, 1, 2, 1, 7);
INSERT INTO "T_INFORMATION_VALUE_IVA" ("IVA_ID", version, "IVA_VALUE", "IVA_CREA_DATE", "IVA_DELETE", "IVA_LOT_NUM", "IVA_STATE", "IVA_AST_AST_ID", "IVA_SLO_SLO_ID", "SEA_ID", "SRC_ID", "PLG_ID_PLG_ID", "INF_VALUE_NUM") VALUES (1860, 0, '0', '2012-09-08 23:56:34', NULL, 3, 0, 1, 10416, 1, 2, 1, 8);
INSERT INTO "T_INFORMATION_VALUE_IVA" ("IVA_ID", version, "IVA_VALUE", "IVA_CREA_DATE", "IVA_DELETE", "IVA_LOT_NUM", "IVA_STATE", "IVA_AST_AST_ID", "IVA_SLO_SLO_ID", "SEA_ID", "SRC_ID", "PLG_ID_PLG_ID", "INF_VALUE_NUM") VALUES (1861, 0, '0', '2012-09-08 23:56:34', NULL, 3, 0, 1, 10417, 1, 2, 1, 9);
INSERT INTO "T_INFORMATION_VALUE_IVA" ("IVA_ID", version, "IVA_VALUE", "IVA_CREA_DATE", "IVA_DELETE", "IVA_LOT_NUM", "IVA_STATE", "IVA_AST_AST_ID", "IVA_SLO_SLO_ID", "SEA_ID", "SRC_ID", "PLG_ID_PLG_ID", "INF_VALUE_NUM") VALUES (1862, 0, '0.97', '2012-09-08 23:56:40', NULL, 5, 0, 1, 10418, 1, 3, 1, 1);
INSERT INTO "T_INFORMATION_VALUE_IVA" ("IVA_ID", version, "IVA_VALUE", "IVA_CREA_DATE", "IVA_DELETE", "IVA_LOT_NUM", "IVA_STATE", "IVA_AST_AST_ID", "IVA_SLO_SLO_ID", "SEA_ID", "SRC_ID", "PLG_ID_PLG_ID", "INF_VALUE_NUM") VALUES (1863, 0, '0.96', '2012-09-08 23:56:40', NULL, 5, 0, 1, 10419, 1, 3, 1, 2);
INSERT INTO "T_INFORMATION_VALUE_IVA" ("IVA_ID", version, "IVA_VALUE", "IVA_CREA_DATE", "IVA_DELETE", "IVA_LOT_NUM", "IVA_STATE", "IVA_AST_AST_ID", "IVA_SLO_SLO_ID", "SEA_ID", "SRC_ID", "PLG_ID_PLG_ID", "INF_VALUE_NUM") VALUES (1864, 0, '0.91', '2012-09-08 23:56:40', NULL, 5, 0, 1, 10420, 1, 3, 1, 3);
INSERT INTO "T_INFORMATION_VALUE_IVA" ("IVA_ID", version, "IVA_VALUE", "IVA_CREA_DATE", "IVA_DELETE", "IVA_LOT_NUM", "IVA_STATE", "IVA_AST_AST_ID", "IVA_SLO_SLO_ID", "SEA_ID", "SRC_ID", "PLG_ID_PLG_ID", "INF_VALUE_NUM") VALUES (1865, 0, 'cpu', '2012-09-08 23:56:40', NULL, 6, 0, 1, 10421, 1, 4, 1, 1);


--
-- TOC entry 2389 (class 0 OID 36888)
-- Dependencies: 205 2388 2372 2411
-- Data for Name: T_ORGANIZATION_VALUE_OVA; Type: TABLE DATA; Schema: public; Owner: echoes
--



--
-- TOC entry 2391 (class 0 OID 36922)
-- Dependencies: 208 2358 2378 2411
-- Data for Name: T_SEARCH_PARAMETER_VALUE_SEV; Type: TABLE DATA; Schema: public; Owner: echoes
--

INSERT INTO "T_SEARCH_PARAMETER_VALUE_SEV" (version, "SEV_VALUE", "SEV_DELETE", "SEA_ID", "SRC_ID", "PLG_ID_PLG_ID", "SEP_ID_SEP_ID") VALUES (0, '^MemTotal:\\s+([0-9]+)\\skB', NULL, 1, 1, 1, 0);
INSERT INTO "T_SEARCH_PARAMETER_VALUE_SEV" (version, "SEV_VALUE", "SEV_DELETE", "SEA_ID", "SRC_ID", "PLG_ID_PLG_ID", "SEP_ID_SEP_ID") VALUES (0, '^MemFree:\\s+([0-9]+)\\skB', NULL, 2, 1, 1, 0);
INSERT INTO "T_SEARCH_PARAMETER_VALUE_SEV" (version, "SEV_VALUE", "SEV_DELETE", "SEA_ID", "SRC_ID", "PLG_ID_PLG_ID", "SEP_ID_SEP_ID") VALUES (0, '^Buffers:\\s+([0-9]+)\\skB', NULL, 3, 1, 1, 0);
INSERT INTO "T_SEARCH_PARAMETER_VALUE_SEV" (version, "SEV_VALUE", "SEV_DELETE", "SEA_ID", "SRC_ID", "PLG_ID_PLG_ID", "SEP_ID_SEP_ID") VALUES (0, '^Cached:\\s+([0-9]+)\\skB', NULL, 4, 1, 1, 0);
INSERT INTO "T_SEARCH_PARAMETER_VALUE_SEV" (version, "SEV_VALUE", "SEV_DELETE", "SEA_ID", "SRC_ID", "PLG_ID_PLG_ID", "SEP_ID_SEP_ID") VALUES (0, '^SwapTotal:\\s+([0-9]+)\\skB', NULL, 5, 1, 1, 0);
INSERT INTO "T_SEARCH_PARAMETER_VALUE_SEV" (version, "SEV_VALUE", "SEV_DELETE", "SEA_ID", "SRC_ID", "PLG_ID_PLG_ID", "SEP_ID_SEP_ID") VALUES (0, '^SwapFree:\\s+([0-9]+)\\skB', NULL, 6, 1, 1, 0);
INSERT INTO "T_SEARCH_PARAMETER_VALUE_SEV" (version, "SEV_VALUE", "SEV_DELETE", "SEA_ID", "SRC_ID", "PLG_ID_PLG_ID", "SEP_ID_SEP_ID") VALUES (0, '^\\s*(\\w+):\\s*([0-9]+)\\s+([0-9]+)\\s+([0-9]+)\\s+([0-9]+)\\s+[0-9]+\\s+[0-9]+\\s+[0-9]+\\s+[0-9]+\\s+([0-9]+)\\s+([0-9]+)\\s+([0-9]+)\\s+([0-9]+)\\s+[0-9]+\\s+[0-9]+\\s+[0-9]+\\s+[0-9]+', NULL, 1, 2, 1, 0);
INSERT INTO "T_SEARCH_PARAMETER_VALUE_SEV" (version, "SEV_VALUE", "SEV_DELETE", "SEA_ID", "SRC_ID", "PLG_ID_PLG_ID", "SEP_ID_SEP_ID") VALUES (0, '^([0-9]+\\.[0-9]+)\\s([0-9]+\\.[0-9]+)\\s([0-9]+\\.[0-9]+)', NULL, 1, 3, 1, 0);
INSERT INTO "T_SEARCH_PARAMETER_VALUE_SEV" (version, "SEV_VALUE", "SEV_DELETE", "SEA_ID", "SRC_ID", "PLG_ID_PLG_ID", "SEP_ID_SEP_ID") VALUES (0, '^(cpu[0-9]*)\\s+([0-9]+)\\s([0-9]+)\\s([0-9]+)\\s([0-9]+)\\s[0-9]+\\s[0-9]+\\s[0-9]+\\s[0-9]+\\s[0-9]+', NULL, 1, 4, 1, 0);


--
-- TOC entry 2392 (class 0 OID 36940)
-- Dependencies: 209 2379 2356 2411
-- Data for Name: T_SOURCE_PARAMETER_VALUE_SPV; Type: TABLE DATA; Schema: public; Owner: echoes
--

INSERT INTO "T_SOURCE_PARAMETER_VALUE_SPV" (version, "SPV_VALUE", "SPV_DELETE", "SRP_ID_SRP_ID", "SRC_ID", "PLG_ID_PLG_ID") VALUES (0, '/proc/meminfo', NULL, 0, 1, 1);
INSERT INTO "T_SOURCE_PARAMETER_VALUE_SPV" (version, "SPV_VALUE", "SPV_DELETE", "SRP_ID_SRP_ID", "SRC_ID", "PLG_ID_PLG_ID") VALUES (0, '/proc/net/dev', NULL, 0, 2, 1);
INSERT INTO "T_SOURCE_PARAMETER_VALUE_SPV" (version, "SPV_VALUE", "SPV_DELETE", "SRP_ID_SRP_ID", "SRC_ID", "PLG_ID_PLG_ID") VALUES (0, '/proc/loadavg', NULL, 0, 3, 1);
INSERT INTO "T_SOURCE_PARAMETER_VALUE_SPV" (version, "SPV_VALUE", "SPV_DELETE", "SRP_ID_SRP_ID", "SRC_ID", "PLG_ID_PLG_ID") VALUES (0, '/proc/stat', NULL, 0, 4, 1);


--
-- TOC entry 2369 (class 0 OID 36575)
-- Dependencies: 168 2411
-- Data for Name: T_USER_ACTION_ACT; Type: TABLE DATA; Schema: public; Owner: echoes
--



--
-- TOC entry 2377 (class 0 OID 36703)
-- Dependencies: 183 2367 2367 2411
-- Data for Name: T_USER_HIERARCHY_UHI; Type: TABLE DATA; Schema: public; Owner: echoes
--



--
-- TOC entry 2393 (class 0 OID 36960)
-- Dependencies: 211 2367 2369 2411
-- Data for Name: T_USER_HISTORICAL_ACTION_UHA; Type: TABLE DATA; Schema: public; Owner: echoes
--



--
-- TOC entry 2397 (class 0 OID 37024)
-- Dependencies: 218 2367 2396 2411
-- Data for Name: T_USER_VALUE_UVA; Type: TABLE DATA; Schema: public; Owner: echoes
--



--
-- TOC entry 2398 (class 0 OID 37044)
-- Dependencies: 220 2367 2411
-- Data for Name: auth_info; Type: TABLE DATA; Schema: public; Owner: echoes
--



--
-- TOC entry 2399 (class 0 OID 37060)
-- Dependencies: 222 2398 2411
-- Data for Name: auth_identity; Type: TABLE DATA; Schema: public; Owner: echoes
--



--
-- TOC entry 2400 (class 0 OID 37076)
-- Dependencies: 224 2398 2411
-- Data for Name: auth_token; Type: TABLE DATA; Schema: public; Owner: echoes
--



-- Completed on 2012-09-08 23:58:04 CEST

--
-- PostgreSQL database dump complete
--

