--
-- PostgreSQL database dump
--

-- Dumped from database version 8.4.12
-- Dumped by pg_dump version 9.1.5
-- Started on 2012-08-21 11:41:40 CEST

SET statement_timeout = 0;
SET client_encoding = 'UTF8';
SET standard_conforming_strings = off;
SET check_function_bodies = false;
SET client_min_messages = warning;
SET escape_string_warning = off;

SET search_path = public, pg_catalog;

--
-- TOC entry 2394 (class 0 OID 0)
-- Dependencies: 142
-- Name: T_ADDON_ADO_ADO_ID_seq; Type: SEQUENCE SET; Schema: public; Owner: echoes
--

SELECT pg_catalog.setval('"T_ADDON_ADO_ADO_ID_seq"', 1, false);


--
-- TOC entry 2395 (class 0 OID 0)
-- Dependencies: 188
-- Name: T_ALERT_ACKNOWLEDGE_ACK_ACK_ID_seq; Type: SEQUENCE SET; Schema: public; Owner: echoes
--

SELECT pg_catalog.setval('"T_ALERT_ACKNOWLEDGE_ACK_ACK_ID_seq"', 1, false);


--
-- TOC entry 2396 (class 0 OID 0)
-- Dependencies: 179
-- Name: T_ALERT_ALE_ALE_ID_seq; Type: SEQUENCE SET; Schema: public; Owner: echoes
--

SELECT pg_catalog.setval('"T_ALERT_ALE_ALE_ID_seq"', 1, false);


--
-- TOC entry 2397 (class 0 OID 0)
-- Dependencies: 153
-- Name: T_ALERT_CRITERIA_ACR_ACR_ID_seq; Type: SEQUENCE SET; Schema: public; Owner: echoes
--

SELECT pg_catalog.setval('"T_ALERT_CRITERIA_ACR_ACR_ID_seq"', 1, false);


--
-- TOC entry 2398 (class 0 OID 0)
-- Dependencies: 175
-- Name: T_ALERT_SEQUENCE_ASE_ASE_ID_seq; Type: SEQUENCE SET; Schema: public; Owner: echoes
--

SELECT pg_catalog.setval('"T_ALERT_SEQUENCE_ASE_ASE_ID_seq"', 1, false);


--
-- TOC entry 2399 (class 0 OID 0)
-- Dependencies: 181
-- Name: T_ALERT_TRACKING_ATR_ATR_ID_seq; Type: SEQUENCE SET; Schema: public; Owner: echoes
--

SELECT pg_catalog.setval('"T_ALERT_TRACKING_ATR_ATR_ID_seq"', 2, true);


--
-- TOC entry 2400 (class 0 OID 0)
-- Dependencies: 206
-- Name: T_ALERT_TRACKING_EVENT_ATE_ATE_ID_seq; Type: SEQUENCE SET; Schema: public; Owner: echoes
--

SELECT pg_catalog.setval('"T_ALERT_TRACKING_EVENT_ATE_ATE_ID_seq"', 10, true);


--
-- TOC entry 2401 (class 0 OID 0)
-- Dependencies: 155
-- Name: T_ALERT_VALUE_AVA_AVA_ID_seq; Type: SEQUENCE SET; Schema: public; Owner: echoes
--

SELECT pg_catalog.setval('"T_ALERT_VALUE_AVA_AVA_ID_seq"', 1, false);


--
-- TOC entry 2402 (class 0 OID 0)
-- Dependencies: 192
-- Name: T_ASSET_AST_AST_ID_seq; Type: SEQUENCE SET; Schema: public; Owner: echoes
--

SELECT pg_catalog.setval('"T_ASSET_AST_AST_ID_seq"', 1, false);


--
-- TOC entry 2403 (class 0 OID 0)
-- Dependencies: 177
-- Name: T_ENGINE_ENG_ENG_ID_seq; Type: SEQUENCE SET; Schema: public; Owner: echoes
--

SELECT pg_catalog.setval('"T_ENGINE_ENG_ENG_ID_seq"', 1, false);


--
-- TOC entry 2404 (class 0 OID 0)
-- Dependencies: 212
-- Name: T_INFORMATION_HISTORICAL_VALUE_IHV_IHV_ID_seq; Type: SEQUENCE SET; Schema: public; Owner: echoes
--

SELECT pg_catalog.setval('"T_INFORMATION_HISTORICAL_VALUE_IHV_IHV_ID_seq"', 1, false);


--
-- TOC entry 2405 (class 0 OID 0)
-- Dependencies: 148
-- Name: T_INFORMATION_UNIT_TYPE_UTY_IUT_ID_seq; Type: SEQUENCE SET; Schema: public; Owner: echoes
--

SELECT pg_catalog.setval('"T_INFORMATION_UNIT_TYPE_UTY_IUT_ID_seq"', 1, false);


--
-- TOC entry 2406 (class 0 OID 0)
-- Dependencies: 150
-- Name: T_INFORMATION_UNIT_UNT_INU_ID_seq; Type: SEQUENCE SET; Schema: public; Owner: echoes
--

SELECT pg_catalog.setval('"T_INFORMATION_UNIT_UNT_INU_ID_seq"', 1, false);


--
-- TOC entry 2407 (class 0 OID 0)
-- Dependencies: 196
-- Name: T_INFORMATION_VALUE_IVA_IVA_ID_seq; Type: SEQUENCE SET; Schema: public; Owner: echoes
--

SELECT pg_catalog.setval('"T_INFORMATION_VALUE_IVA_IVA_ID_seq"', 1, false);


--
-- TOC entry 2408 (class 0 OID 0)
-- Dependencies: 157
-- Name: T_MEDIA_MED_MED_ID_seq; Type: SEQUENCE SET; Schema: public; Owner: echoes
--

SELECT pg_catalog.setval('"T_MEDIA_MED_MED_ID_seq"', 1, false);


--
-- TOC entry 2409 (class 0 OID 0)
-- Dependencies: 165
-- Name: T_MEDIA_VALUE_MEV_MEV_ID_seq; Type: SEQUENCE SET; Schema: public; Owner: echoes
--

SELECT pg_catalog.setval('"T_MEDIA_VALUE_MEV_MEV_ID_seq"', 1, false);


--
-- TOC entry 2410 (class 0 OID 0)
-- Dependencies: 214
-- Name: T_OPTION_OPT_OPT_ID_seq; Type: SEQUENCE SET; Schema: public; Owner: echoes
--

SELECT pg_catalog.setval('"T_OPTION_OPT_OPT_ID_seq"', 1, false);


--
-- TOC entry 2411 (class 0 OID 0)
-- Dependencies: 203
-- Name: T_ORGANIZATION_FIELD_OFI_OFI_ID_seq; Type: SEQUENCE SET; Schema: public; Owner: echoes
--

SELECT pg_catalog.setval('"T_ORGANIZATION_FIELD_OFI_OFI_ID_seq"', 1, false);


--
-- TOC entry 2412 (class 0 OID 0)
-- Dependencies: 173
-- Name: T_ORGANIZATION_ORG_ORG_ID_seq; Type: SEQUENCE SET; Schema: public; Owner: echoes
--

SELECT pg_catalog.setval('"T_ORGANIZATION_ORG_ORG_ID_seq"', 1, false);


--
-- TOC entry 2413 (class 0 OID 0)
-- Dependencies: 171
-- Name: T_ORGANIZATION_TYPE_OTY_OTY_ID_seq; Type: SEQUENCE SET; Schema: public; Owner: echoes
--

SELECT pg_catalog.setval('"T_ORGANIZATION_TYPE_OTY_OTY_ID_seq"', 1, false);


--
-- TOC entry 2414 (class 0 OID 0)
-- Dependencies: 169
-- Name: T_PACK_PCK_PCK_ID_seq; Type: SEQUENCE SET; Schema: public; Owner: echoes
--

SELECT pg_catalog.setval('"T_PACK_PCK_PCK_ID_seq"', 1, false);


--
-- TOC entry 2415 (class 0 OID 0)
-- Dependencies: 140
-- Name: T_PLUGIN_PLG_PLG_ID_seq; Type: SEQUENCE SET; Schema: public; Owner: echoes
--

SELECT pg_catalog.setval('"T_PLUGIN_PLG_PLG_ID_seq"', 1, false);


--
-- TOC entry 2416 (class 0 OID 0)
-- Dependencies: 190
-- Name: T_PROBE_PRB_PRB_ID_seq; Type: SEQUENCE SET; Schema: public; Owner: echoes
--

SELECT pg_catalog.setval('"T_PROBE_PRB_PRB_ID_seq"', 1, false);


--
-- TOC entry 2417 (class 0 OID 0)
-- Dependencies: 184
-- Name: T_SEARCH_PARAMETER_SEP_SEP_ID_seq; Type: SEQUENCE SET; Schema: public; Owner: echoes
--

SELECT pg_catalog.setval('"T_SEARCH_PARAMETER_SEP_SEP_ID_seq"', 1, false);


--
-- TOC entry 2418 (class 0 OID 0)
-- Dependencies: 145
-- Name: T_SEARCH_TYPE_STY_STY_ID_seq; Type: SEQUENCE SET; Schema: public; Owner: echoes
--

SELECT pg_catalog.setval('"T_SEARCH_TYPE_STY_STY_ID_seq"', 1, false);


--
-- TOC entry 2419 (class 0 OID 0)
-- Dependencies: 186
-- Name: T_SOURCE_PARAMETER_SRP_SRP_ID_seq; Type: SEQUENCE SET; Schema: public; Owner: echoes
--

SELECT pg_catalog.setval('"T_SOURCE_PARAMETER_SRP_SRP_ID_seq"', 1, false);


--
-- TOC entry 2420 (class 0 OID 0)
-- Dependencies: 198
-- Name: T_SPACE_SPA_SPA_ID_seq; Type: SEQUENCE SET; Schema: public; Owner: echoes
--

SELECT pg_catalog.setval('"T_SPACE_SPA_SPA_ID_seq"', 1, false);


--
-- TOC entry 2421 (class 0 OID 0)
-- Dependencies: 194
-- Name: T_SYSLOG_SLO_SLO_ID_seq; Type: SEQUENCE SET; Schema: public; Owner: echoes
--

SELECT pg_catalog.setval('"T_SYSLOG_SLO_SLO_ID_seq"', 1196, true);


--
-- TOC entry 2422 (class 0 OID 0)
-- Dependencies: 167
-- Name: T_USER_ACTION_ACT_UAC_ID_seq; Type: SEQUENCE SET; Schema: public; Owner: echoes
--

SELECT pg_catalog.setval('"T_USER_ACTION_ACT_UAC_ID_seq"', 1, false);


--
-- TOC entry 2423 (class 0 OID 0)
-- Dependencies: 216
-- Name: T_USER_FIELD_UFI_UFI_ID_seq; Type: SEQUENCE SET; Schema: public; Owner: echoes
--

SELECT pg_catalog.setval('"T_USER_FIELD_UFI_UFI_ID_seq"', 1, false);


--
-- TOC entry 2424 (class 0 OID 0)
-- Dependencies: 210
-- Name: T_USER_HISTORICAL_ACTION_UHA_UHA_ID_seq; Type: SEQUENCE SET; Schema: public; Owner: echoes
--

SELECT pg_catalog.setval('"T_USER_HISTORICAL_ACTION_UHA_UHA_ID_seq"', 1, false);


--
-- TOC entry 2425 (class 0 OID 0)
-- Dependencies: 161
-- Name: T_USER_PROFILE_UPR_UPR_ID_seq; Type: SEQUENCE SET; Schema: public; Owner: echoes
--

SELECT pg_catalog.setval('"T_USER_PROFILE_UPR_UPR_ID_seq"', 1, false);


--
-- TOC entry 2426 (class 0 OID 0)
-- Dependencies: 200
-- Name: T_USER_RIGHT_URI_URI_ID_seq; Type: SEQUENCE SET; Schema: public; Owner: echoes
--

SELECT pg_catalog.setval('"T_USER_RIGHT_URI_URI_ID_seq"', 1, false);


--
-- TOC entry 2427 (class 0 OID 0)
-- Dependencies: 159
-- Name: T_USER_ROLE_URO_URO_ID_seq; Type: SEQUENCE SET; Schema: public; Owner: echoes
--

SELECT pg_catalog.setval('"T_USER_ROLE_URO_URO_ID_seq"', 1, false);


--
-- TOC entry 2428 (class 0 OID 0)
-- Dependencies: 163
-- Name: T_USER_USR_USR_ID_seq; Type: SEQUENCE SET; Schema: public; Owner: echoes
--

SELECT pg_catalog.setval('"T_USER_USR_USR_ID_seq"', 1, true);


--
-- TOC entry 2429 (class 0 OID 0)
-- Dependencies: 221
-- Name: auth_identity_id_seq; Type: SEQUENCE SET; Schema: public; Owner: echoes
--

SELECT pg_catalog.setval('auth_identity_id_seq', 1, true);


--
-- TOC entry 2430 (class 0 OID 0)
-- Dependencies: 219
-- Name: auth_info_id_seq; Type: SEQUENCE SET; Schema: public; Owner: echoes
--

SELECT pg_catalog.setval('auth_info_id_seq', 1, true);


--
-- TOC entry 2431 (class 0 OID 0)
-- Dependencies: 223
-- Name: auth_token_id_seq; Type: SEQUENCE SET; Schema: public; Owner: echoes
--

SELECT pg_catalog.setval('auth_token_id_seq', 1, false);


--
-- TOC entry 2343 (class 0 OID 31772)
-- Dependencies: 154 2390
-- Data for Name: T_ALERT_CRITERIA_ACR; Type: TABLE DATA; Schema: public; Owner: echoes
--

INSERT INTO "T_ALERT_CRITERIA_ACR" ("ACR_ID", version, "ACR_NAME", "ACR_DELETE") VALUES (1, 0, 'equal', NULL);
INSERT INTO "T_ALERT_CRITERIA_ACR" ("ACR_ID", version, "ACR_NAME", "ACR_DELETE") VALUES (2, 0, 'greater', NULL);


--
-- TOC entry 2340 (class 0 OID 31727)
-- Dependencies: 149 2390
-- Data for Name: T_INFORMATION_UNIT_TYPE_UTY; Type: TABLE DATA; Schema: public; Owner: echoes
--

INSERT INTO "T_INFORMATION_UNIT_TYPE_UTY" ("IUT_ID", version, "IUT_NAME", "IUT_DELETE") VALUES (1, 0, 'number', NULL);
INSERT INTO "T_INFORMATION_UNIT_TYPE_UTY" ("IUT_ID", version, "IUT_NAME", "IUT_DELETE") VALUES (2, 0, 'text', NULL);


--
-- TOC entry 2384 (class 0 OID 32430)
-- Dependencies: 227 2343 2340 2390
-- Data for Name: TJ_ACR_INU; Type: TABLE DATA; Schema: public; Owner: echoes
--

INSERT INTO "TJ_ACR_IUT" ("T_ALERT_CRITERIA_ACR_ACR_ID", "T_INFORMATION_UNIT_TYPE_UTY_IUT_ID") VALUES (1, 1);
INSERT INTO "TJ_ACR_IUT" ("T_ALERT_CRITERIA_ACR_ACR_ID", "T_INFORMATION_UNIT_TYPE_UTY_IUT_ID") VALUES (1, 2);
INSERT INTO "TJ_ACR_IUT" ("T_ALERT_CRITERIA_ACR_ACR_ID", "T_INFORMATION_UNIT_TYPE_UTY_IUT_ID") VALUES (2, 1);


--
-- TOC entry 2336 (class 0 OID 31672)
-- Dependencies: 143 2390
-- Data for Name: T_ADDON_ADO; Type: TABLE DATA; Schema: public; Owner: echoes
--

INSERT INTO "T_ADDON_ADO" ("ADO_ID", version, "ADO_NAME", "ADO_DELETE") VALUES (2, 1, 'file', NULL);
INSERT INTO "T_ADDON_ADO" ("ADO_ID", version, "ADO_NAME", "ADO_DELETE") VALUES (3, 1, 'log', NULL);


--
-- TOC entry 2360 (class 0 OID 32035)
-- Dependencies: 187 2390
-- Data for Name: T_SOURCE_PARAMETER_SRP; Type: TABLE DATA; Schema: public; Owner: echoes
--



--
-- TOC entry 2385 (class 0 OID 32447)
-- Dependencies: 228 2360 2336 2390
-- Data for Name: TJ_ADO_SRP; Type: TABLE DATA; Schema: public; Owner: echoes
--



--
-- TOC entry 2352 (class 0 OID 31901)
-- Dependencies: 172 2390
-- Data for Name: T_ORGANIZATION_TYPE_OTY; Type: TABLE DATA; Schema: public; Owner: echoes
--
INSERT INTO "T_ORGANIZATION_TYPE_OTY"("OTY_ID", version, "OTY_NAME", "OTY_DELETE")
    VALUES ('1', '0', 'Company', NULL);
INSERT INTO "T_ORGANIZATION_TYPE_OTY"("OTY_ID", version, "OTY_NAME", "OTY_DELETE")
    VALUES ('2', '0', 'Individual', NULL);
INSERT INTO "T_ORGANIZATION_TYPE_OTY"("OTY_ID", version, "OTY_NAME", "OTY_DELETE")
    VALUES ('3', '0', 'Association', NULL);


--
-- TOC entry 2351 (class 0 OID 31890)
-- Dependencies: 170 2390
-- Data for Name: T_PACK_PCK; Type: TABLE DATA; Schema: public; Owner: echoes
--



--
-- TOC entry 2353 (class 0 OID 31912)
-- Dependencies: 174 2351 2352 2390
-- Data for Name: T_ORGANIZATION_ORG; Type: TABLE DATA; Schema: public; Owner: echoes
--



--
-- TOC entry 2362 (class 0 OID 32067)
-- Dependencies: 191 2353 2390
-- Data for Name: T_PROBE_PRB; Type: TABLE DATA; Schema: public; Owner: echoes
--

INSERT INTO "T_PROBE_PRB" ("PRB_ID", version, "PRB_CERT", "PRB_NAME", "PRB_DELETE", "PRB_ORG_ORG_ID") VALUES (6585, 1, 'the pass', 'helios', NULL, NULL);


--
-- TOC entry 2363 (class 0 OID 32083)
-- Dependencies: 193 2362 2390
-- Data for Name: T_ASSET_AST; Type: TABLE DATA; Schema: public; Owner: echoes
--

INSERT INTO "T_ASSET_AST" ("AST_ID", version, "AST_NAME", "AST_DELETE", "AST_IS_HOST", "AST_PRB_PRB_ID") VALUES (1, 1, 'helios', NULL, true, 6585);


--
-- TOC entry 2335 (class 0 OID 31661)
-- Dependencies: 141 2390
-- Data for Name: T_PLUGIN_PLG; Type: TABLE DATA; Schema: public; Owner: echoes
--

INSERT INTO "T_PLUGIN_PLG" ("PLG_ID", version, "PLG_DESC", "PLG_NAME", "PLG_DELETE") VALUES (2, 1, 'test', 'Helios_Debian6.0-Syslog-Test', NULL);
INSERT INTO "T_PLUGIN_PLG" ("PLG_ID", version, "PLG_DESC", "PLG_NAME", "PLG_DELETE") VALUES (1, 1, 'memoire vive totale', 'memoire vive totale du système', NULL);


--
-- TOC entry 2389 (class 0 OID 32515)
-- Dependencies: 232 2363 2335 2390
-- Data for Name: TJ_AST_PLG; Type: TABLE DATA; Schema: public; Owner: echoes
--

INSERT INTO "TJ_AST_PLG" ("T_ASSET_AST_AST_ID", "T_PLUGIN_PLG_PLG_ID") VALUES (1, 2);
INSERT INTO "TJ_AST_PLG" ("T_ASSET_AST_AST_ID", "T_PLUGIN_PLG_PLG_ID") VALUES (1, 1);


--
-- TOC entry 2369 (class 0 OID 32183)
-- Dependencies: 204 2390
-- Data for Name: T_ORGANIZATION_FIELD_OFI; Type: TABLE DATA; Schema: public; Owner: echoes
--



--
-- TOC entry 2386 (class 0 OID 32464)
-- Dependencies: 229 2352 2369 2390
-- Data for Name: TJ_OFI_OTY; Type: TABLE DATA; Schema: public; Owner: echoes
--



--
-- TOC entry 2376 (class 0 OID 32313)
-- Dependencies: 215 2390
-- Data for Name: T_OPTION_OPT; Type: TABLE DATA; Schema: public; Owner: echoes
--



--
-- TOC entry 2387 (class 0 OID 32481)
-- Dependencies: 230 2351 2376 2390
-- Data for Name: TJ_PCK_OPT; Type: TABLE DATA; Schema: public; Owner: echoes
--



--
-- TOC entry 2359 (class 0 OID 32024)
-- Dependencies: 185 2390
-- Data for Name: T_SEARCH_PARAMETER_SEP; Type: TABLE DATA; Schema: public; Owner: echoes
--



--
-- TOC entry 2338 (class 0 OID 31698)
-- Dependencies: 146 2390
-- Data for Name: T_SEARCH_TYPE_STY; Type: TABLE DATA; Schema: public; Owner: echoes
--



--
-- TOC entry 2382 (class 0 OID 32396)
-- Dependencies: 225 2338 2359 2390
-- Data for Name: TJ_STY_SEP; Type: TABLE DATA; Schema: public; Owner: echoes
--



--
-- TOC entry 2347 (class 0 OID 31826)
-- Dependencies: 162 2390
-- Data for Name: T_USER_PROFILE_UPR; Type: TABLE DATA; Schema: public; Owner: echoes
--



--
-- TOC entry 2346 (class 0 OID 31815)
-- Dependencies: 160 2390
-- Data for Name: T_USER_ROLE_URO; Type: TABLE DATA; Schema: public; Owner: echoes
--



--
-- TOC entry 2348 (class 0 OID 31837)
-- Dependencies: 164 2346 2347 2390
-- Data for Name: T_USER_USR; Type: TABLE DATA; Schema: public; Owner: echoes
--

INSERT INTO "T_USER_USR" ("USR_ID", version, "USR_FIRST_NAME", "USR_LAST_NAME", "USR_MAIL", "USR_PWD", "USR_DELETE", "USR_URO_URO_ID", "USR_UPR_UPR_ID") VALUES (12, 0, 'toto', 'tata', 'zeaze', 'test', NULL, NULL, NULL);


--
-- TOC entry 2383 (class 0 OID 32413)
-- Dependencies: 226 2353 2348 2390
-- Data for Name: TJ_USR_ORG; Type: TABLE DATA; Schema: public; Owner: echoes
--



--
-- TOC entry 2377 (class 0 OID 32324)
-- Dependencies: 217 2390
-- Data for Name: T_USER_FIELD_UFI; Type: TABLE DATA; Schema: public; Owner: echoes
--



--
-- TOC entry 2388 (class 0 OID 32498)
-- Dependencies: 231 2348 2377 2390
-- Data for Name: TJ_USR_UFI; Type: TABLE DATA; Schema: public; Owner: echoes
--



--
-- TOC entry 2366 (class 0 OID 32141)
-- Dependencies: 199 2390
-- Data for Name: T_SPACE_SPA; Type: TABLE DATA; Schema: public; Owner: echoes
--



--
-- TOC entry 2367 (class 0 OID 32152)
-- Dependencies: 201 2390
-- Data for Name: T_USER_RIGHT_URI; Type: TABLE DATA; Schema: public; Owner: echoes
--



--
-- TOC entry 2368 (class 0 OID 32161)
-- Dependencies: 202 2366 2347 2367 2390
-- Data for Name: T_ACCESS_CONTROL_LIST_ACL; Type: TABLE DATA; Schema: public; Owner: echoes
--



--
-- TOC entry 2341 (class 0 OID 31738)
-- Dependencies: 151 2340 2390
-- Data for Name: T_INFORMATION_UNIT_UNT; Type: TABLE DATA; Schema: public; Owner: echoes
--

INSERT INTO "T_INFORMATION_UNIT_UNT" ("INU_ID", version, "INU_LONG_NAME", "INU_NAME", "INU_DELETE", "INU_IUT_IUT_ID") VALUES (1, 0, 'Mega Octets', 'Mo', NULL, 1);


--
-- TOC entry 2337 (class 0 OID 31681)
-- Dependencies: 144 2335 2336 2390
-- Data for Name: T_SOURCE_SRC; Type: TABLE DATA; Schema: public; Owner: echoes
--

INSERT INTO "T_SOURCE_SRC" (version, "SRC_DELETE", "SRC_ID", "PLG_ID_PLG_ID", "SRC_ADO_ADO_ID") VALUES (1, NULL, 3, 2, 2);
INSERT INTO "T_SOURCE_SRC" (version, "SRC_DELETE", "SRC_ID", "PLG_ID_PLG_ID", "SRC_ADO_ADO_ID") VALUES (1, NULL, 2, 2, 2);
INSERT INTO "T_SOURCE_SRC" (version, "SRC_DELETE", "SRC_ID", "PLG_ID_PLG_ID", "SRC_ADO_ADO_ID") VALUES (1, NULL, 1, 1, 2);


--
-- TOC entry 2339 (class 0 OID 31707)
-- Dependencies: 147 2337 2338 2390
-- Data for Name: T_SEARCH_SEA; Type: TABLE DATA; Schema: public; Owner: echoes
--

INSERT INTO "T_SEARCH_SEA" (version, "SEA_PERIOD", "SEA_DELETE", "SEA_IS_STATIC", "SEA_NB_VALUE", "SEA_ID", "SRC_ID", "PLG_ID_PLG_ID", "SEA_STY_STY_ID") VALUES (1, '60', NULL, true, 1, 1, 3, 2, NULL);
INSERT INTO "T_SEARCH_SEA" (version, "SEA_PERIOD", "SEA_DELETE", "SEA_IS_STATIC", "SEA_NB_VALUE", "SEA_ID", "SRC_ID", "PLG_ID_PLG_ID", "SEA_STY_STY_ID") VALUES (1, '60', NULL, true, 1, 1, 2, 2, NULL);
INSERT INTO "T_SEARCH_SEA" (version, "SEA_PERIOD", "SEA_DELETE", "SEA_IS_STATIC", "SEA_NB_VALUE", "SEA_ID", "SRC_ID", "PLG_ID_PLG_ID", "SEA_STY_STY_ID") VALUES (1, '60', NULL, true, 1, 1, 1, 1, NULL);


--
-- TOC entry 2342 (class 0 OID 31752)
-- Dependencies: 152 2339 2341 2390
-- Data for Name: T_INFORMATION_INF; Type: TABLE DATA; Schema: public; Owner: echoes
--

INSERT INTO "T_INFORMATION_INF" (version, "INF_NAME", "INF_DELETE", "SEA_ID", "SRC_ID", "PLG_ID_PLG_ID", "INF_VALUE_NUM", "INF_INU_INU_ID") VALUES (1, 'clef1', NULL, 1, 3, 2, 0, NULL);
INSERT INTO "T_INFORMATION_INF" (version, "INF_NAME", "INF_DELETE", "SEA_ID", "SRC_ID", "PLG_ID_PLG_ID", "INF_VALUE_NUM", "INF_INU_INU_ID") VALUES (1, 'clef2', NULL, 1, 2, 2, 0, NULL);
INSERT INTO "T_INFORMATION_INF" (version, "INF_NAME", "INF_DELETE", "SEA_ID", "SRC_ID", "PLG_ID_PLG_ID", "INF_VALUE_NUM", "INF_INU_INU_ID") VALUES (1, 'memoire totale', NULL, 1, 1, 1, 0, 1);


--
-- TOC entry 2344 (class 0 OID 31783)
-- Dependencies: 156 2342 2343 2390
-- Data for Name: T_ALERT_VALUE_AVA; Type: TABLE DATA; Schema: public; Owner: echoes
--

INSERT INTO "T_ALERT_VALUE_AVA" ("AVA_ID", version, "AVA_VALUE", "AVA_DELETE", "SEA_ID", "SRC_ID", "PLG_ID_PLG_ID", "INF_VALUE_NUM", "AVA_ACR_ACR_ID") VALUES (1, 0, '5991289', NULL, 1, 1, 1, 0, 1);


--
-- TOC entry 2354 (class 0 OID 31933)
-- Dependencies: 176 2344 2390
-- Data for Name: T_ALERT_SEQUENCE_ASE; Type: TABLE DATA; Schema: public; Owner: echoes
--

INSERT INTO "T_ALERT_SEQUENCE_ASE" ("ASE_ID", version, "ASE_DELETE", "ASE_FIRST_PARENTHESIS", "ASE_SECOND_PARENTHESIS", "ASE_BOOL_OP", "ASE_NXT_ID_ASE_ID", "ASE_AVA_AVA_ID") VALUES (1, 0, NULL, false, false, NULL, NULL, 1);


--
-- TOC entry 2355 (class 0 OID 31951)
-- Dependencies: 178 2390
-- Data for Name: T_ENGINE_ENG; Type: TABLE DATA; Schema: public; Owner: echoes
--

INSERT INTO "T_ENGINE_ENG" ("ENG_ID", version, "ENG_FQDN", "ENG_STATE", "ENG_DELETE", "ENG_KEEP_ALIVE", "ENG_NB_THREAD") VALUES (1, 0, 'test-rsyslog', 'take', NULL, NULL, 0);


--
-- TOC entry 2356 (class 0 OID 31962)
-- Dependencies: 180 2344 2354 2355 2390
-- Data for Name: T_ALERT_ALE; Type: TABLE DATA; Schema: public; Owner: echoes
--

INSERT INTO "T_ALERT_ALE" ("ALE_ID", version, "ALE_NAME", "ALE_CREA_DATE", "ALE_DELETE", "ALE_LAST_ATTEMPT", "ALE_THREAD_SLEEP", "ALE_AVA_AVA_ID", "ASE_FIRST_ID_ASE_ID", "ALE_ENG_ENG_ID") VALUES (1, 0, 'vérification taille mémoire', '2012-08-20 15:21:01', NULL, '2012-08-20 15:21:01', 10, 1, 1, NULL);


--
-- TOC entry 2361 (class 0 OID 32046)
-- Dependencies: 189 2356 2348 2390
-- Data for Name: T_ALERT_ACKNOWLEDGE_ACK; Type: TABLE DATA; Schema: public; Owner: echoes
--



--
-- TOC entry 2345 (class 0 OID 31804)
-- Dependencies: 158 2390
-- Data for Name: T_MEDIA_MED; Type: TABLE DATA; Schema: public; Owner: echoes
--



--
-- TOC entry 2349 (class 0 OID 31858)
-- Dependencies: 166 2345 2348 2390
-- Data for Name: T_MEDIA_VALUE_MEV; Type: TABLE DATA; Schema: public; Owner: echoes
--



--
-- TOC entry 2357 (class 0 OID 31988)
-- Dependencies: 182 2349 2356 2390
-- Data for Name: T_ALERT_TRACKING_ATR; Type: TABLE DATA; Schema: public; Owner: echoes
--



--
-- TOC entry 2371 (class 0 OID 32212)
-- Dependencies: 207 2357 2390
-- Data for Name: T_ALERT_TRACKING_EVENT_ATE; Type: TABLE DATA; Schema: public; Owner: echoes
--



--
-- TOC entry 2364 (class 0 OID 32099)
-- Dependencies: 195 2362 2390
-- Data for Name: T_SYSLOG_SLO; Type: TABLE DATA; Schema: public; Owner: echoes
--

INSERT INTO "T_SYSLOG_SLO" ("SLO_ID", version, "SLO_APP_NAME", "SLO_HOSTNAME", "SLO_MSG_ID", "SLO_SD", "SLO_DELETE", "SLO_RCPT_DATE", "SLO_SENT_DATE", "SLO_PRI", "SLO_PROC_ID", "SLO_STATE", "SLO_VERSION", "SLO_PRB_PRB_ID") VALUES (1, 1, 'echoes-alert-probe', 'rhi-laptop.ptf.echoes-tech.com', 'ID1', '[prop@40311 ver=1 probe=6585][res1@40311 offset=2 2-1-3-1-0="YiBjZHJvbTpbVQ=="]', NULL, '2012-08-07 15:08:02', '2012-08-07 15:08:02', 118, 16686, 0, 1, 6585);
INSERT INTO "T_SYSLOG_SLO" ("SLO_ID", version, "SLO_APP_NAME", "SLO_HOSTNAME", "SLO_MSG_ID", "SLO_SD", "SLO_DELETE", "SLO_RCPT_DATE", "SLO_SENT_DATE", "SLO_PRI", "SLO_PROC_ID", "SLO_STATE", "SLO_VERSION", "SLO_PRB_PRB_ID") VALUES (2, 1, 'echoes-alert-probe', 'rhi-laptop.ptf.echoes-tech.com', 'ID2', '[prop@40311 ver=1 probe=6585][res1@40311 offset=2 2-1-2-1-0="b3Aga2VybmVsOg=="]', NULL, '2012-08-07 15:08:02', '2012-08-07 15:08:02', 118, 16686, 0, 1, 6585);



--
-- TOC entry 2375 (class 0 OID 32287)
-- Dependencies: 213 2363 2364 2342 2390
-- Data for Name: T_INFORMATION_HISTORICAL_VALUE_IHV; Type: TABLE DATA; Schema: public; Owner: echoes
--


--
-- TOC entry 2370 (class 0 OID 32192)
-- Dependencies: 205 2369 2353 2390
-- Data for Name: T_ORGANIZATION_VALUE_OVA; Type: TABLE DATA; Schema: public; Owner: echoes
--



--
-- TOC entry 2372 (class 0 OID 32226)
-- Dependencies: 208 2339 2359 2390
-- Data for Name: T_SEARCH_PARAMETER_VALUE_SEV; Type: TABLE DATA; Schema: public; Owner: echoes
--



--
-- TOC entry 2373 (class 0 OID 32244)
-- Dependencies: 209 2360 2337 2360 2390
-- Data for Name: T_SOURCE_PARAMETER_VALUE_SPV; Type: TABLE DATA; Schema: public; Owner: echoes
--



--
-- TOC entry 2350 (class 0 OID 31879)
-- Dependencies: 168 2390
-- Data for Name: T_USER_ACTION_ACT; Type: TABLE DATA; Schema: public; Owner: echoes
--



--
-- TOC entry 2358 (class 0 OID 32007)
-- Dependencies: 183 2348 2348 2390
-- Data for Name: T_USER_HIERARCHY_UHI; Type: TABLE DATA; Schema: public; Owner: echoes
--



--
-- TOC entry 2374 (class 0 OID 32269)
-- Dependencies: 211 2348 2350 2390
-- Data for Name: T_USER_HISTORICAL_ACTION_UHA; Type: TABLE DATA; Schema: public; Owner: echoes
--



--
-- TOC entry 2378 (class 0 OID 32333)
-- Dependencies: 218 2348 2377 2390
-- Data for Name: T_USER_VALUE_UVA; Type: TABLE DATA; Schema: public; Owner: echoes
--



--
-- TOC entry 2379 (class 0 OID 32353)
-- Dependencies: 220 2348 2390
-- Data for Name: auth_info; Type: TABLE DATA; Schema: public; Owner: echoes
--

INSERT INTO auth_info (id, version, "user_USR_ID", password_hash, password_method, password_salt, status, failed_login_attempts, last_login_attempt, email, unverified_email, email_token, email_token_expires, email_token_role) VALUES (1, 42, 12, '$2y$07$cUWsRVX1XkzSLRb1OjbxJu9GGAkGIvqBqBEfGoYFiMnVZT72P8rN2', 'bcrypt', 'yf.MvwfmT57wBWs/', 1, 9, '2012-08-16 13:50:55.538386', '', '', '', NULL, 0);


--
-- TOC entry 2380 (class 0 OID 32369)
-- Dependencies: 222 2379 2390
-- Data for Name: auth_identity; Type: TABLE DATA; Schema: public; Owner: echoes
--

INSERT INTO auth_identity (id, version, auth_info_id, provider, identity) VALUES (1, 0, 1, 'loginname', 'test');


--
-- TOC entry 2381 (class 0 OID 32385)
-- Dependencies: 224 2379 2390
-- Data for Name: auth_token; Type: TABLE DATA; Schema: public; Owner: echoes
--



-- Completed on 2012-08-21 11:41:41 CEST

--
-- PostgreSQL database dump complete
--

